2023-12-30T11:55:02.733Z [Modules] Modules initializing
2023-12-30T11:55:02.733Z [Modules] Distribution: remote
2023-12-30T11:55:02.733Z [Modules] Host updates: enabled
2023-12-30T11:55:02.734Z [Modules] Module updates: enabled
2023-12-30T11:55:02.734Z [Modules] Module install path: /home/vs/.config/discord/0.0.39/modules
2023-12-30T11:55:02.734Z [Modules] Module installed file path: /home/vs/.config/discord/0.0.39/modules/installed.json
2023-12-30T11:55:02.734Z [Modules] Module download path: /home/vs/.config/discord/0.0.39/modules/pending
2023-12-30T11:55:03.049Z [Modules] Bootstrapping...
2023-12-30T11:55:03.050Z [Modules] Installing discord_desktop_core@0 from /opt/discord/resources/bootstrap/discord_desktop_core.zip
2023-12-30T11:55:03.054Z [Modules] Failed installing discord_desktop_core@0: Error: ENOENT: no such file or directory, open '/opt/discord/resources/bootstrap/discord_desktop_core.zip'
2023-12-30T11:55:03.054Z [Modules] Installing discord_erlpack@0 from /opt/discord/resources/bootstrap/discord_erlpack.zip
2023-12-30T11:55:03.056Z [Modules] Failed installing discord_erlpack@0: Error: ENOENT: no such file or directory, open '/opt/discord/resources/bootstrap/discord_erlpack.zip'
2023-12-30T11:55:03.056Z [Modules] Installing discord_spellcheck@0 from /opt/discord/resources/bootstrap/discord_spellcheck.zip
2023-12-30T11:55:03.057Z [Modules] Failed installing discord_spellcheck@0: Error: ENOENT: no such file or directory, open '/opt/discord/resources/bootstrap/discord_spellcheck.zip'
2023-12-30T11:55:03.057Z [Modules] Installing discord_utils@0 from /opt/discord/resources/bootstrap/discord_utils.zip
2023-12-30T11:55:03.058Z [Modules] Failed installing discord_utils@0: Error: ENOENT: no such file or directory, open '/opt/discord/resources/bootstrap/discord_utils.zip'
2023-12-30T11:55:03.059Z [Modules] Installing discord_voice@0 from /opt/discord/resources/bootstrap/discord_voice.zip
2023-12-30T11:55:03.060Z [Modules] Failed installing discord_voice@0: Error: ENOENT: no such file or directory, open '/opt/discord/resources/bootstrap/discord_voice.zip'
2023-12-30T11:55:03.060Z [Modules] Finished module installations. [success: 0] [failure: 5]
2023-12-30T11:55:03.061Z [Modules] Checking for host updates.
2023-12-30T11:55:03.569Z [Modules] Host is up to date.
2023-12-30T11:55:03.570Z [Modules] Checking for module updates at https://discord.com/api/modules/stable/versions.json
2023-12-30T11:55:05.000Z [Modules] Module update available: discord_desktop_core@1 [installed: 0]
2023-12-30T11:55:05.001Z [Modules] Module update available: discord_erlpack@1 [installed: 0]
2023-12-30T11:55:05.001Z [Modules] Module update available: discord_spellcheck@1 [installed: 0]
2023-12-30T11:55:05.002Z [Modules] Module update available: discord_utils@1 [installed: 0]
2023-12-30T11:55:05.002Z [Modules] Module update available: discord_voice@1 [installed: 0]
2023-12-30T11:55:05.004Z [Modules] Fetching discord_desktop_core@1 from https://discord.com/api/modules/stable/discord_desktop_core/1
2023-12-30T11:55:05.006Z [Modules] Streaming discord_desktop_core@1 to /home/vs/.config/discord/0.0.39/modules/pending/discord_desktop_core-1.zip
2023-12-30T11:55:05.818Z [Modules] Streaming discord_desktop_core@1 to /home/vs/.config/discord/0.0.39/modules/pending/discord_desktop_core-1.zip: 1%
2023-12-30T11:55:05.825Z [Modules] Streaming discord_desktop_core@1 to /home/vs/.config/discord/0.0.39/modules/pending/discord_desktop_core-1.zip: 2%
2023-12-30T11:55:05.830Z [Modules] Streaming discord_desktop_core@1 to /home/vs/.config/discord/0.0.39/modules/pending/discord_desktop_core-1.zip: 3%
2023-12-30T11:55:05.836Z [Modules] Streaming discord_desktop_core@1 to /home/vs/.config/discord/0.0.39/modules/pending/discord_desktop_core-1.zip: 6%
2023-12-30T11:55:05.841Z [Modules] Streaming discord_desktop_core@1 to /home/vs/.config/discord/0.0.39/modules/pending/discord_desktop_core-1.zip: 11%
2023-12-30T11:55:05.845Z [Modules] Streaming discord_desktop_core@1 to /home/vs/.config/discord/0.0.39/modules/pending/discord_desktop_core-1.zip: 16%
2023-12-30T11:55:05.848Z [Modules] Streaming discord_desktop_core@1 to /home/vs/.config/discord/0.0.39/modules/pending/discord_desktop_core-1.zip: 22%
2023-12-30T11:55:05.852Z [Modules] Streaming discord_desktop_core@1 to /home/vs/.config/discord/0.0.39/modules/pending/discord_desktop_core-1.zip: 27%
2023-12-30T11:55:05.855Z [Modules] Streaming discord_desktop_core@1 to /home/vs/.config/discord/0.0.39/modules/pending/discord_desktop_core-1.zip: 29%
2023-12-30T11:55:05.857Z [Modules] Streaming discord_desktop_core@1 to /home/vs/.config/discord/0.0.39/modules/pending/discord_desktop_core-1.zip: 32%
2023-12-30T11:55:05.859Z [Modules] Streaming discord_desktop_core@1 to /home/vs/.config/discord/0.0.39/modules/pending/discord_desktop_core-1.zip: 37%
2023-12-30T11:55:05.861Z [Modules] Streaming discord_desktop_core@1 to /home/vs/.config/discord/0.0.39/modules/pending/discord_desktop_core-1.zip: 40%
2023-12-30T11:55:05.863Z [Modules] Streaming discord_desktop_core@1 to /home/vs/.config/discord/0.0.39/modules/pending/discord_desktop_core-1.zip: 45%
2023-12-30T11:55:05.866Z [Modules] Streaming discord_desktop_core@1 to /home/vs/.config/discord/0.0.39/modules/pending/discord_desktop_core-1.zip: 48%
2023-12-30T11:55:05.867Z [Modules] Streaming discord_desktop_core@1 to /home/vs/.config/discord/0.0.39/modules/pending/discord_desktop_core-1.zip: 54%
2023-12-30T11:55:05.872Z [Modules] Streaming discord_desktop_core@1 to /home/vs/.config/discord/0.0.39/modules/pending/discord_desktop_core-1.zip: 57%
2023-12-30T11:55:05.873Z [Modules] Streaming discord_desktop_core@1 to /home/vs/.config/discord/0.0.39/modules/pending/discord_desktop_core-1.zip: 59%
2023-12-30T11:55:05.875Z [Modules] Streaming discord_desktop_core@1 to /home/vs/.config/discord/0.0.39/modules/pending/discord_desktop_core-1.zip: 62%
2023-12-30T11:55:05.876Z [Modules] Streaming discord_desktop_core@1 to /home/vs/.config/discord/0.0.39/modules/pending/discord_desktop_core-1.zip: 63%
2023-12-30T11:55:05.881Z [Modules] Streaming discord_desktop_core@1 to /home/vs/.config/discord/0.0.39/modules/pending/discord_desktop_core-1.zip: 66%
2023-12-30T11:55:05.883Z [Modules] Streaming discord_desktop_core@1 to /home/vs/.config/discord/0.0.39/modules/pending/discord_desktop_core-1.zip: 69%
2023-12-30T11:55:05.885Z [Modules] Streaming discord_desktop_core@1 to /home/vs/.config/discord/0.0.39/modules/pending/discord_desktop_core-1.zip: 72%
2023-12-30T11:55:05.886Z [Modules] Streaming discord_desktop_core@1 to /home/vs/.config/discord/0.0.39/modules/pending/discord_desktop_core-1.zip: 77%
2023-12-30T11:55:05.891Z [Modules] Streaming discord_desktop_core@1 to /home/vs/.config/discord/0.0.39/modules/pending/discord_desktop_core-1.zip: 80%
2023-12-30T11:55:05.892Z [Modules] Streaming discord_desktop_core@1 to /home/vs/.config/discord/0.0.39/modules/pending/discord_desktop_core-1.zip: 86%
2023-12-30T11:55:05.894Z [Modules] Streaming discord_desktop_core@1 to /home/vs/.config/discord/0.0.39/modules/pending/discord_desktop_core-1.zip: 87%
2023-12-30T11:55:05.898Z [Modules] Streaming discord_desktop_core@1 to /home/vs/.config/discord/0.0.39/modules/pending/discord_desktop_core-1.zip: 90%
2023-12-30T11:55:05.898Z [Modules] Streaming discord_desktop_core@1 to /home/vs/.config/discord/0.0.39/modules/pending/discord_desktop_core-1.zip: 95%
2023-12-30T11:55:05.901Z [Modules] Streaming discord_desktop_core@1 to /home/vs/.config/discord/0.0.39/modules/pending/discord_desktop_core-1.zip: 98%
2023-12-30T11:55:05.902Z [Modules] Streaming discord_desktop_core@1 to /home/vs/.config/discord/0.0.39/modules/pending/discord_desktop_core-1.zip: 100%
2023-12-30T11:55:05.904Z [Modules] Fetching discord_erlpack@1 from https://discord.com/api/modules/stable/discord_erlpack/1
2023-12-30T11:55:05.904Z [Modules] Streaming discord_erlpack@1 to /home/vs/.config/discord/0.0.39/modules/pending/discord_erlpack-1.zip
2023-12-30T11:55:06.739Z [Modules] Streaming discord_erlpack@1 to /home/vs/.config/discord/0.0.39/modules/pending/discord_erlpack-1.zip: 3%
2023-12-30T11:55:06.742Z [Modules] Streaming discord_erlpack@1 to /home/vs/.config/discord/0.0.39/modules/pending/discord_erlpack-1.zip: 4%
2023-12-30T11:55:06.746Z [Modules] Streaming discord_erlpack@1 to /home/vs/.config/discord/0.0.39/modules/pending/discord_erlpack-1.zip: 5%
2023-12-30T11:55:06.750Z [Modules] Streaming discord_erlpack@1 to /home/vs/.config/discord/0.0.39/modules/pending/discord_erlpack-1.zip: 8%
2023-12-30T11:55:06.754Z [Modules] Streaming discord_erlpack@1 to /home/vs/.config/discord/0.0.39/modules/pending/discord_erlpack-1.zip: 11%
2023-12-30T11:55:06.758Z [Modules] Streaming discord_erlpack@1 to /home/vs/.config/discord/0.0.39/modules/pending/discord_erlpack-1.zip: 15%
2023-12-30T11:55:06.762Z [Modules] Streaming discord_erlpack@1 to /home/vs/.config/discord/0.0.39/modules/pending/discord_erlpack-1.zip: 25%
2023-12-30T11:55:06.765Z [Modules] Streaming discord_erlpack@1 to /home/vs/.config/discord/0.0.39/modules/pending/discord_erlpack-1.zip: 28%
2023-12-30T11:55:06.767Z [Modules] Streaming discord_erlpack@1 to /home/vs/.config/discord/0.0.39/modules/pending/discord_erlpack-1.zip: 29%
2023-12-30T11:55:06.770Z [Modules] Streaming discord_erlpack@1 to /home/vs/.config/discord/0.0.39/modules/pending/discord_erlpack-1.zip: 44%
2023-12-30T11:55:06.775Z [Modules] Streaming discord_erlpack@1 to /home/vs/.config/discord/0.0.39/modules/pending/discord_erlpack-1.zip: 47%
2023-12-30T11:55:06.776Z [Modules] Streaming discord_erlpack@1 to /home/vs/.config/discord/0.0.39/modules/pending/discord_erlpack-1.zip: 53%
2023-12-30T11:55:06.781Z [Modules] Streaming discord_erlpack@1 to /home/vs/.config/discord/0.0.39/modules/pending/discord_erlpack-1.zip: 57%
2023-12-30T11:55:06.782Z [Modules] Streaming discord_erlpack@1 to /home/vs/.config/discord/0.0.39/modules/pending/discord_erlpack-1.zip: 63%
2023-12-30T11:55:06.787Z [Modules] Streaming discord_erlpack@1 to /home/vs/.config/discord/0.0.39/modules/pending/discord_erlpack-1.zip: 66%
2023-12-30T11:55:06.788Z [Modules] Streaming discord_erlpack@1 to /home/vs/.config/discord/0.0.39/modules/pending/discord_erlpack-1.zip: 72%
2023-12-30T11:55:06.794Z [Modules] Streaming discord_erlpack@1 to /home/vs/.config/discord/0.0.39/modules/pending/discord_erlpack-1.zip: 76%
2023-12-30T11:55:06.794Z [Modules] Streaming discord_erlpack@1 to /home/vs/.config/discord/0.0.39/modules/pending/discord_erlpack-1.zip: 82%
2023-12-30T11:55:06.802Z [Modules] Streaming discord_erlpack@1 to /home/vs/.config/discord/0.0.39/modules/pending/discord_erlpack-1.zip: 86%
2023-12-30T11:55:06.804Z [Modules] Streaming discord_erlpack@1 to /home/vs/.config/discord/0.0.39/modules/pending/discord_erlpack-1.zip: 91%
2023-12-30T11:55:06.808Z [Modules] Streaming discord_erlpack@1 to /home/vs/.config/discord/0.0.39/modules/pending/discord_erlpack-1.zip: 94%
2023-12-30T11:55:06.808Z [Modules] Streaming discord_erlpack@1 to /home/vs/.config/discord/0.0.39/modules/pending/discord_erlpack-1.zip: 100%
2023-12-30T11:55:06.810Z [Modules] Fetching discord_spellcheck@1 from https://discord.com/api/modules/stable/discord_spellcheck/1
2023-12-30T11:55:06.810Z [Modules] Streaming discord_spellcheck@1 to /home/vs/.config/discord/0.0.39/modules/pending/discord_spellcheck-1.zip
2023-12-30T11:55:07.592Z [Modules] Streaming discord_spellcheck@1 to /home/vs/.config/discord/0.0.39/modules/pending/discord_spellcheck-1.zip: 1%
2023-12-30T11:55:07.595Z [Modules] Streaming discord_spellcheck@1 to /home/vs/.config/discord/0.0.39/modules/pending/discord_spellcheck-1.zip: 2%
2023-12-30T11:55:07.598Z [Modules] Streaming discord_spellcheck@1 to /home/vs/.config/discord/0.0.39/modules/pending/discord_spellcheck-1.zip: 3%
2023-12-30T11:55:07.602Z [Modules] Streaming discord_spellcheck@1 to /home/vs/.config/discord/0.0.39/modules/pending/discord_spellcheck-1.zip: 4%
2023-12-30T11:55:07.608Z [Modules] Streaming discord_spellcheck@1 to /home/vs/.config/discord/0.0.39/modules/pending/discord_spellcheck-1.zip: 5%
2023-12-30T11:55:07.612Z [Modules] Streaming discord_spellcheck@1 to /home/vs/.config/discord/0.0.39/modules/pending/discord_spellcheck-1.zip: 7%
2023-12-30T11:55:07.615Z [Modules] Streaming discord_spellcheck@1 to /home/vs/.config/discord/0.0.39/modules/pending/discord_spellcheck-1.zip: 9%
2023-12-30T11:55:07.619Z [Modules] Streaming discord_spellcheck@1 to /home/vs/.config/discord/0.0.39/modules/pending/discord_spellcheck-1.zip: 10%
2023-12-30T11:55:07.623Z [Modules] Streaming discord_spellcheck@1 to /home/vs/.config/discord/0.0.39/modules/pending/discord_spellcheck-1.zip: 11%
2023-12-30T11:55:07.629Z [Modules] Streaming discord_spellcheck@1 to /home/vs/.config/discord/0.0.39/modules/pending/discord_spellcheck-1.zip: 12%
2023-12-30T11:55:07.635Z [Modules] Streaming discord_spellcheck@1 to /home/vs/.config/discord/0.0.39/modules/pending/discord_spellcheck-1.zip: 13%
2023-12-30T11:55:07.638Z [Modules] Streaming discord_spellcheck@1 to /home/vs/.config/discord/0.0.39/modules/pending/discord_spellcheck-1.zip: 14%
2023-12-30T11:55:07.638Z [Modules] Streaming discord_spellcheck@1 to /home/vs/.config/discord/0.0.39/modules/pending/discord_spellcheck-1.zip: 15%
2023-12-30T11:55:07.642Z [Modules] Streaming discord_spellcheck@1 to /home/vs/.config/discord/0.0.39/modules/pending/discord_spellcheck-1.zip: 16%
2023-12-30T11:55:07.646Z [Modules] Streaming discord_spellcheck@1 to /home/vs/.config/discord/0.0.39/modules/pending/discord_spellcheck-1.zip: 17%
2023-12-30T11:55:07.647Z [Modules] Streaming discord_spellcheck@1 to /home/vs/.config/discord/0.0.39/modules/pending/discord_spellcheck-1.zip: 18%
2023-12-30T11:55:07.651Z [Modules] Streaming discord_spellcheck@1 to /home/vs/.config/discord/0.0.39/modules/pending/discord_spellcheck-1.zip: 19%
2023-12-30T11:55:07.653Z [Modules] Streaming discord_spellcheck@1 to /home/vs/.config/discord/0.0.39/modules/pending/discord_spellcheck-1.zip: 20%
2023-12-30T11:55:07.660Z [Modules] Streaming discord_spellcheck@1 to /home/vs/.config/discord/0.0.39/modules/pending/discord_spellcheck-1.zip: 21%
2023-12-30T11:55:07.664Z [Modules] Streaming discord_spellcheck@1 to /home/vs/.config/discord/0.0.39/modules/pending/discord_spellcheck-1.zip: 22%
2023-12-30T11:55:07.667Z [Modules] Streaming discord_spellcheck@1 to /home/vs/.config/discord/0.0.39/modules/pending/discord_spellcheck-1.zip: 23%
2023-12-30T11:55:07.671Z [Modules] Streaming discord_spellcheck@1 to /home/vs/.config/discord/0.0.39/modules/pending/discord_spellcheck-1.zip: 24%
2023-12-30T11:55:07.674Z [Modules] Streaming discord_spellcheck@1 to /home/vs/.config/discord/0.0.39/modules/pending/discord_spellcheck-1.zip: 25%
2023-12-30T11:55:07.677Z [Modules] Streaming discord_spellcheck@1 to /home/vs/.config/discord/0.0.39/modules/pending/discord_spellcheck-1.zip: 27%
2023-12-30T11:55:07.682Z [Modules] Streaming discord_spellcheck@1 to /home/vs/.config/discord/0.0.39/modules/pending/discord_spellcheck-1.zip: 28%
2023-12-30T11:55:07.686Z [Modules] Streaming discord_spellcheck@1 to /home/vs/.config/discord/0.0.39/modules/pending/discord_spellcheck-1.zip: 29%
2023-12-30T11:55:07.690Z [Modules] Streaming discord_spellcheck@1 to /home/vs/.config/discord/0.0.39/modules/pending/discord_spellcheck-1.zip: 30%
2023-12-30T11:55:07.694Z [Modules] Streaming discord_spellcheck@1 to /home/vs/.config/discord/0.0.39/modules/pending/discord_spellcheck-1.zip: 31%
2023-12-30T11:55:07.697Z [Modules] Streaming discord_spellcheck@1 to /home/vs/.config/discord/0.0.39/modules/pending/discord_spellcheck-1.zip: 32%
2023-12-30T11:55:07.699Z [Modules] Streaming discord_spellcheck@1 to /home/vs/.config/discord/0.0.39/modules/pending/discord_spellcheck-1.zip: 33%
2023-12-30T11:55:07.702Z [Modules] Streaming discord_spellcheck@1 to /home/vs/.config/discord/0.0.39/modules/pending/discord_spellcheck-1.zip: 34%
2023-12-30T11:55:07.704Z [Modules] Streaming discord_spellcheck@1 to /home/vs/.config/discord/0.0.39/modules/pending/discord_spellcheck-1.zip: 35%
2023-12-30T11:55:07.706Z [Modules] Streaming discord_spellcheck@1 to /home/vs/.config/discord/0.0.39/modules/pending/discord_spellcheck-1.zip: 36%
2023-12-30T11:55:07.709Z [Modules] Streaming discord_spellcheck@1 to /home/vs/.config/discord/0.0.39/modules/pending/discord_spellcheck-1.zip: 37%
2023-12-30T11:55:07.711Z [Modules] Streaming discord_spellcheck@1 to /home/vs/.config/discord/0.0.39/modules/pending/discord_spellcheck-1.zip: 38%
2023-12-30T11:55:07.715Z [Modules] Streaming discord_spellcheck@1 to /home/vs/.config/discord/0.0.39/modules/pending/discord_spellcheck-1.zip: 39%
2023-12-30T11:55:07.720Z [Modules] Streaming discord_spellcheck@1 to /home/vs/.config/discord/0.0.39/modules/pending/discord_spellcheck-1.zip: 40%
2023-12-30T11:55:07.721Z [Modules] Streaming discord_spellcheck@1 to /home/vs/.config/discord/0.0.39/modules/pending/discord_spellcheck-1.zip: 41%
2023-12-30T11:55:07.724Z [Modules] Streaming discord_spellcheck@1 to /home/vs/.config/discord/0.0.39/modules/pending/discord_spellcheck-1.zip: 42%
2023-12-30T11:55:07.725Z [Modules] Streaming discord_spellcheck@1 to /home/vs/.config/discord/0.0.39/modules/pending/discord_spellcheck-1.zip: 43%
2023-12-30T11:55:07.732Z [Modules] Streaming discord_spellcheck@1 to /home/vs/.config/discord/0.0.39/modules/pending/discord_spellcheck-1.zip: 44%
2023-12-30T11:55:07.737Z [Modules] Streaming discord_spellcheck@1 to /home/vs/.config/discord/0.0.39/modules/pending/discord_spellcheck-1.zip: 45%
2023-12-30T11:55:07.738Z [Modules] Streaming discord_spellcheck@1 to /home/vs/.config/discord/0.0.39/modules/pending/discord_spellcheck-1.zip: 46%
2023-12-30T11:55:07.743Z [Modules] Streaming discord_spellcheck@1 to /home/vs/.config/discord/0.0.39/modules/pending/discord_spellcheck-1.zip: 47%
2023-12-30T11:55:07.744Z [Modules] Streaming discord_spellcheck@1 to /home/vs/.config/discord/0.0.39/modules/pending/discord_spellcheck-1.zip: 48%
2023-12-30T11:55:07.749Z [Modules] Streaming discord_spellcheck@1 to /home/vs/.config/discord/0.0.39/modules/pending/discord_spellcheck-1.zip: 49%
2023-12-30T11:55:07.750Z [Modules] Streaming discord_spellcheck@1 to /home/vs/.config/discord/0.0.39/modules/pending/discord_spellcheck-1.zip: 50%
2023-12-30T11:55:07.754Z [Modules] Streaming discord_spellcheck@1 to /home/vs/.config/discord/0.0.39/modules/pending/discord_spellcheck-1.zip: 51%
2023-12-30T11:55:07.761Z [Modules] Streaming discord_spellcheck@1 to /home/vs/.config/discord/0.0.39/modules/pending/discord_spellcheck-1.zip: 52%
2023-12-30T11:55:07.762Z [Modules] Streaming discord_spellcheck@1 to /home/vs/.config/discord/0.0.39/modules/pending/discord_spellcheck-1.zip: 53%
2023-12-30T11:55:07.768Z [Modules] Streaming discord_spellcheck@1 to /home/vs/.config/discord/0.0.39/modules/pending/discord_spellcheck-1.zip: 54%
2023-12-30T11:55:07.770Z [Modules] Streaming discord_spellcheck@1 to /home/vs/.config/discord/0.0.39/modules/pending/discord_spellcheck-1.zip: 56%
2023-12-30T11:55:07.773Z [Modules] Streaming discord_spellcheck@1 to /home/vs/.config/discord/0.0.39/modules/pending/discord_spellcheck-1.zip: 57%
2023-12-30T11:55:07.775Z [Modules] Streaming discord_spellcheck@1 to /home/vs/.config/discord/0.0.39/modules/pending/discord_spellcheck-1.zip: 58%
2023-12-30T11:55:07.776Z [Modules] Streaming discord_spellcheck@1 to /home/vs/.config/discord/0.0.39/modules/pending/discord_spellcheck-1.zip: 59%
2023-12-30T11:55:07.781Z [Modules] Streaming discord_spellcheck@1 to /home/vs/.config/discord/0.0.39/modules/pending/discord_spellcheck-1.zip: 60%
2023-12-30T11:55:07.787Z [Modules] Streaming discord_spellcheck@1 to /home/vs/.config/discord/0.0.39/modules/pending/discord_spellcheck-1.zip: 61%
2023-12-30T11:55:07.793Z [Modules] Streaming discord_spellcheck@1 to /home/vs/.config/discord/0.0.39/modules/pending/discord_spellcheck-1.zip: 62%
2023-12-30T11:55:07.798Z [Modules] Streaming discord_spellcheck@1 to /home/vs/.config/discord/0.0.39/modules/pending/discord_spellcheck-1.zip: 63%
2023-12-30T11:55:07.801Z [Modules] Streaming discord_spellcheck@1 to /home/vs/.config/discord/0.0.39/modules/pending/discord_spellcheck-1.zip: 64%
2023-12-30T11:55:07.808Z [Modules] Streaming discord_spellcheck@1 to /home/vs/.config/discord/0.0.39/modules/pending/discord_spellcheck-1.zip: 66%
2023-12-30T11:55:07.809Z [Modules] Streaming discord_spellcheck@1 to /home/vs/.config/discord/0.0.39/modules/pending/discord_spellcheck-1.zip: 67%
2023-12-30T11:55:07.811Z [Modules] Streaming discord_spellcheck@1 to /home/vs/.config/discord/0.0.39/modules/pending/discord_spellcheck-1.zip: 68%
2023-12-30T11:55:07.812Z [Modules] Streaming discord_spellcheck@1 to /home/vs/.config/discord/0.0.39/modules/pending/discord_spellcheck-1.zip: 69%
2023-12-30T11:55:07.815Z [Modules] Streaming discord_spellcheck@1 to /home/vs/.config/discord/0.0.39/modules/pending/discord_spellcheck-1.zip: 70%
2023-12-30T11:55:07.823Z [Modules] Streaming discord_spellcheck@1 to /home/vs/.config/discord/0.0.39/modules/pending/discord_spellcheck-1.zip: 72%
2023-12-30T11:55:07.824Z [Modules] Streaming discord_spellcheck@1 to /home/vs/.config/discord/0.0.39/modules/pending/discord_spellcheck-1.zip: 74%
2023-12-30T11:55:07.827Z [Modules] Streaming discord_spellcheck@1 to /home/vs/.config/discord/0.0.39/modules/pending/discord_spellcheck-1.zip: 75%
2023-12-30T11:55:07.833Z [Modules] Streaming discord_spellcheck@1 to /home/vs/.config/discord/0.0.39/modules/pending/discord_spellcheck-1.zip: 76%
2023-12-30T11:55:07.836Z [Modules] Streaming discord_spellcheck@1 to /home/vs/.config/discord/0.0.39/modules/pending/discord_spellcheck-1.zip: 78%
2023-12-30T11:55:07.838Z [Modules] Streaming discord_spellcheck@1 to /home/vs/.config/discord/0.0.39/modules/pending/discord_spellcheck-1.zip: 79%
2023-12-30T11:55:07.841Z [Modules] Streaming discord_spellcheck@1 to /home/vs/.config/discord/0.0.39/modules/pending/discord_spellcheck-1.zip: 80%
2023-12-30T11:55:07.843Z [Modules] Streaming discord_spellcheck@1 to /home/vs/.config/discord/0.0.39/modules/pending/discord_spellcheck-1.zip: 81%
2023-12-30T11:55:07.845Z [Modules] Streaming discord_spellcheck@1 to /home/vs/.config/discord/0.0.39/modules/pending/discord_spellcheck-1.zip: 82%
2023-12-30T11:55:07.847Z [Modules] Streaming discord_spellcheck@1 to /home/vs/.config/discord/0.0.39/modules/pending/discord_spellcheck-1.zip: 83%
2023-12-30T11:55:07.849Z [Modules] Streaming discord_spellcheck@1 to /home/vs/.config/discord/0.0.39/modules/pending/discord_spellcheck-1.zip: 84%
2023-12-30T11:55:07.852Z [Modules] Streaming discord_spellcheck@1 to /home/vs/.config/discord/0.0.39/modules/pending/discord_spellcheck-1.zip: 85%
2023-12-30T11:55:07.857Z [Modules] Streaming discord_spellcheck@1 to /home/vs/.config/discord/0.0.39/modules/pending/discord_spellcheck-1.zip: 86%
2023-12-30T11:55:07.858Z [Modules] Streaming discord_spellcheck@1 to /home/vs/.config/discord/0.0.39/modules/pending/discord_spellcheck-1.zip: 87%
2023-12-30T11:55:07.860Z [Modules] Streaming discord_spellcheck@1 to /home/vs/.config/discord/0.0.39/modules/pending/discord_spellcheck-1.zip: 88%
2023-12-30T11:55:07.862Z [Modules] Streaming discord_spellcheck@1 to /home/vs/.config/discord/0.0.39/modules/pending/discord_spellcheck-1.zip: 89%
2023-12-30T11:55:07.864Z [Modules] Streaming discord_spellcheck@1 to /home/vs/.config/discord/0.0.39/modules/pending/discord_spellcheck-1.zip: 90%
2023-12-30T11:55:07.869Z [Modules] Streaming discord_spellcheck@1 to /home/vs/.config/discord/0.0.39/modules/pending/discord_spellcheck-1.zip: 91%
2023-12-30T11:55:07.870Z [Modules] Streaming discord_spellcheck@1 to /home/vs/.config/discord/0.0.39/modules/pending/discord_spellcheck-1.zip: 92%
2023-12-30T11:55:07.871Z [Modules] Streaming discord_spellcheck@1 to /home/vs/.config/discord/0.0.39/modules/pending/discord_spellcheck-1.zip: 93%
2023-12-30T11:55:07.874Z [Modules] Streaming discord_spellcheck@1 to /home/vs/.config/discord/0.0.39/modules/pending/discord_spellcheck-1.zip: 94%
2023-12-30T11:55:07.876Z [Modules] Streaming discord_spellcheck@1 to /home/vs/.config/discord/0.0.39/modules/pending/discord_spellcheck-1.zip: 95%
2023-12-30T11:55:07.879Z [Modules] Streaming discord_spellcheck@1 to /home/vs/.config/discord/0.0.39/modules/pending/discord_spellcheck-1.zip: 96%
2023-12-30T11:55:07.881Z [Modules] Streaming discord_spellcheck@1 to /home/vs/.config/discord/0.0.39/modules/pending/discord_spellcheck-1.zip: 97%
2023-12-30T11:55:07.884Z [Modules] Streaming discord_spellcheck@1 to /home/vs/.config/discord/0.0.39/modules/pending/discord_spellcheck-1.zip: 98%
2023-12-30T11:55:07.886Z [Modules] Streaming discord_spellcheck@1 to /home/vs/.config/discord/0.0.39/modules/pending/discord_spellcheck-1.zip: 99%
2023-12-30T11:55:07.887Z [Modules] Streaming discord_spellcheck@1 to /home/vs/.config/discord/0.0.39/modules/pending/discord_spellcheck-1.zip: 100%
2023-12-30T11:55:07.889Z [Modules] Fetching discord_utils@1 from https://discord.com/api/modules/stable/discord_utils/1
2023-12-30T11:55:07.889Z [Modules] Streaming discord_utils@1 to /home/vs/.config/discord/0.0.39/modules/pending/discord_utils-1.zip
2023-12-30T11:55:08.627Z [Modules] Streaming discord_utils@1 to /home/vs/.config/discord/0.0.39/modules/pending/discord_utils-1.zip: 2%
2023-12-30T11:55:08.630Z [Modules] Streaming discord_utils@1 to /home/vs/.config/discord/0.0.39/modules/pending/discord_utils-1.zip: 8%
2023-12-30T11:55:08.636Z [Modules] Streaming discord_utils@1 to /home/vs/.config/discord/0.0.39/modules/pending/discord_utils-1.zip: 16%
2023-12-30T11:55:08.640Z [Modules] Streaming discord_utils@1 to /home/vs/.config/discord/0.0.39/modules/pending/discord_utils-1.zip: 23%
2023-12-30T11:55:08.644Z [Modules] Streaming discord_utils@1 to /home/vs/.config/discord/0.0.39/modules/pending/discord_utils-1.zip: 33%
2023-12-30T11:55:08.647Z [Modules] Streaming discord_utils@1 to /home/vs/.config/discord/0.0.39/modules/pending/discord_utils-1.zip: 39%
2023-12-30T11:55:08.652Z [Modules] Streaming discord_utils@1 to /home/vs/.config/discord/0.0.39/modules/pending/discord_utils-1.zip: 41%
2023-12-30T11:55:08.655Z [Modules] Streaming discord_utils@1 to /home/vs/.config/discord/0.0.39/modules/pending/discord_utils-1.zip: 45%
2023-12-30T11:55:08.659Z [Modules] Streaming discord_utils@1 to /home/vs/.config/discord/0.0.39/modules/pending/discord_utils-1.zip: 46%
2023-12-30T11:55:08.660Z [Modules] Streaming discord_utils@1 to /home/vs/.config/discord/0.0.39/modules/pending/discord_utils-1.zip: 51%
2023-12-30T11:55:08.662Z [Modules] Streaming discord_utils@1 to /home/vs/.config/discord/0.0.39/modules/pending/discord_utils-1.zip: 55%
2023-12-30T11:55:08.663Z [Modules] Streaming discord_utils@1 to /home/vs/.config/discord/0.0.39/modules/pending/discord_utils-1.zip: 57%
2023-12-30T11:55:08.665Z [Modules] Streaming discord_utils@1 to /home/vs/.config/discord/0.0.39/modules/pending/discord_utils-1.zip: 62%
2023-12-30T11:55:08.667Z [Modules] Streaming discord_utils@1 to /home/vs/.config/discord/0.0.39/modules/pending/discord_utils-1.zip: 64%
2023-12-30T11:55:08.668Z [Modules] Streaming discord_utils@1 to /home/vs/.config/discord/0.0.39/modules/pending/discord_utils-1.zip: 66%
2023-12-30T11:55:08.670Z [Modules] Streaming discord_utils@1 to /home/vs/.config/discord/0.0.39/modules/pending/discord_utils-1.zip: 67%
2023-12-30T11:55:08.671Z [Modules] Streaming discord_utils@1 to /home/vs/.config/discord/0.0.39/modules/pending/discord_utils-1.zip: 69%
2023-12-30T11:55:08.672Z [Modules] Streaming discord_utils@1 to /home/vs/.config/discord/0.0.39/modules/pending/discord_utils-1.zip: 72%
2023-12-30T11:55:08.673Z [Modules] Streaming discord_utils@1 to /home/vs/.config/discord/0.0.39/modules/pending/discord_utils-1.zip: 74%
2023-12-30T11:55:08.673Z [Modules] Streaming discord_utils@1 to /home/vs/.config/discord/0.0.39/modules/pending/discord_utils-1.zip: 77%
2023-12-30T11:55:08.675Z [Modules] Streaming discord_utils@1 to /home/vs/.config/discord/0.0.39/modules/pending/discord_utils-1.zip: 79%
2023-12-30T11:55:08.676Z [Modules] Streaming discord_utils@1 to /home/vs/.config/discord/0.0.39/modules/pending/discord_utils-1.zip: 80%
2023-12-30T11:55:08.677Z [Modules] Streaming discord_utils@1 to /home/vs/.config/discord/0.0.39/modules/pending/discord_utils-1.zip: 82%
2023-12-30T11:55:08.678Z [Modules] Streaming discord_utils@1 to /home/vs/.config/discord/0.0.39/modules/pending/discord_utils-1.zip: 83%
2023-12-30T11:55:08.680Z [Modules] Streaming discord_utils@1 to /home/vs/.config/discord/0.0.39/modules/pending/discord_utils-1.zip: 87%
2023-12-30T11:55:08.681Z [Modules] Streaming discord_utils@1 to /home/vs/.config/discord/0.0.39/modules/pending/discord_utils-1.zip: 89%
2023-12-30T11:55:08.682Z [Modules] Streaming discord_utils@1 to /home/vs/.config/discord/0.0.39/modules/pending/discord_utils-1.zip: 91%
2023-12-30T11:55:08.684Z [Modules] Streaming discord_utils@1 to /home/vs/.config/discord/0.0.39/modules/pending/discord_utils-1.zip: 92%
2023-12-30T11:55:08.685Z [Modules] Streaming discord_utils@1 to /home/vs/.config/discord/0.0.39/modules/pending/discord_utils-1.zip: 93%
2023-12-30T11:55:08.686Z [Modules] Streaming discord_utils@1 to /home/vs/.config/discord/0.0.39/modules/pending/discord_utils-1.zip: 96%
2023-12-30T11:55:08.687Z [Modules] Streaming discord_utils@1 to /home/vs/.config/discord/0.0.39/modules/pending/discord_utils-1.zip: 98%
2023-12-30T11:55:08.688Z [Modules] Streaming discord_utils@1 to /home/vs/.config/discord/0.0.39/modules/pending/discord_utils-1.zip: 100%
2023-12-30T11:55:08.690Z [Modules] Fetching discord_voice@1 from https://discord.com/api/modules/stable/discord_voice/1
2023-12-30T11:55:08.690Z [Modules] Streaming discord_voice@1 to /home/vs/.config/discord/0.0.39/modules/pending/discord_voice-1.zip
2023-12-30T11:55:09.514Z [Modules] Streaming discord_voice@1 to /home/vs/.config/discord/0.0.39/modules/pending/discord_voice-1.zip: 1%
2023-12-30T11:55:09.522Z [Modules] Streaming discord_voice@1 to /home/vs/.config/discord/0.0.39/modules/pending/discord_voice-1.zip: 2%
2023-12-30T11:55:09.528Z [Modules] Streaming discord_voice@1 to /home/vs/.config/discord/0.0.39/modules/pending/discord_voice-1.zip: 3%
2023-12-30T11:55:09.531Z [Modules] Streaming discord_voice@1 to /home/vs/.config/discord/0.0.39/modules/pending/discord_voice-1.zip: 4%
2023-12-30T11:55:09.537Z [Modules] Streaming discord_voice@1 to /home/vs/.config/discord/0.0.39/modules/pending/discord_voice-1.zip: 5%
2023-12-30T11:55:09.545Z [Modules] Streaming discord_voice@1 to /home/vs/.config/discord/0.0.39/modules/pending/discord_voice-1.zip: 6%
2023-12-30T11:55:09.555Z [Modules] Streaming discord_voice@1 to /home/vs/.config/discord/0.0.39/modules/pending/discord_voice-1.zip: 7%
2023-12-30T11:55:09.558Z [Modules] Streaming discord_voice@1 to /home/vs/.config/discord/0.0.39/modules/pending/discord_voice-1.zip: 8%
2023-12-30T11:55:09.561Z [Modules] Streaming discord_voice@1 to /home/vs/.config/discord/0.0.39/modules/pending/discord_voice-1.zip: 9%
2023-12-30T11:55:09.570Z [Modules] Streaming discord_voice@1 to /home/vs/.config/discord/0.0.39/modules/pending/discord_voice-1.zip: 10%
2023-12-30T11:55:09.571Z [Modules] Streaming discord_voice@1 to /home/vs/.config/discord/0.0.39/modules/pending/discord_voice-1.zip: 11%
2023-12-30T11:55:09.580Z [Modules] Streaming discord_voice@1 to /home/vs/.config/discord/0.0.39/modules/pending/discord_voice-1.zip: 12%
2023-12-30T11:55:09.587Z [Modules] Streaming discord_voice@1 to /home/vs/.config/discord/0.0.39/modules/pending/discord_voice-1.zip: 13%
2023-12-30T11:55:09.598Z [Modules] Streaming discord_voice@1 to /home/vs/.config/discord/0.0.39/modules/pending/discord_voice-1.zip: 14%
2023-12-30T11:55:09.603Z [Modules] Streaming discord_voice@1 to /home/vs/.config/discord/0.0.39/modules/pending/discord_voice-1.zip: 15%
2023-12-30T11:55:09.612Z [Modules] Streaming discord_voice@1 to /home/vs/.config/discord/0.0.39/modules/pending/discord_voice-1.zip: 16%
2023-12-30T11:55:09.618Z [Modules] Streaming discord_voice@1 to /home/vs/.config/discord/0.0.39/modules/pending/discord_voice-1.zip: 17%
2023-12-30T11:55:09.630Z [Modules] Streaming discord_voice@1 to /home/vs/.config/discord/0.0.39/modules/pending/discord_voice-1.zip: 18%
2023-12-30T11:55:09.639Z [Modules] Streaming discord_voice@1 to /home/vs/.config/discord/0.0.39/modules/pending/discord_voice-1.zip: 19%
2023-12-30T11:55:09.643Z [Modules] Streaming discord_voice@1 to /home/vs/.config/discord/0.0.39/modules/pending/discord_voice-1.zip: 20%
2023-12-30T11:55:09.654Z [Modules] Streaming discord_voice@1 to /home/vs/.config/discord/0.0.39/modules/pending/discord_voice-1.zip: 21%
2023-12-30T11:55:09.660Z [Modules] Streaming discord_voice@1 to /home/vs/.config/discord/0.0.39/modules/pending/discord_voice-1.zip: 22%
2023-12-30T11:55:09.667Z [Modules] Streaming discord_voice@1 to /home/vs/.config/discord/0.0.39/modules/pending/discord_voice-1.zip: 23%
2023-12-30T11:55:09.679Z [Modules] Streaming discord_voice@1 to /home/vs/.config/discord/0.0.39/modules/pending/discord_voice-1.zip: 24%
2023-12-30T11:55:09.685Z [Modules] Streaming discord_voice@1 to /home/vs/.config/discord/0.0.39/modules/pending/discord_voice-1.zip: 25%
2023-12-30T11:55:09.692Z [Modules] Streaming discord_voice@1 to /home/vs/.config/discord/0.0.39/modules/pending/discord_voice-1.zip: 26%
2023-12-30T11:55:09.707Z [Modules] Streaming discord_voice@1 to /home/vs/.config/discord/0.0.39/modules/pending/discord_voice-1.zip: 27%
2023-12-30T11:55:09.713Z [Modules] Streaming discord_voice@1 to /home/vs/.config/discord/0.0.39/modules/pending/discord_voice-1.zip: 28%
2023-12-30T11:55:09.724Z [Modules] Streaming discord_voice@1 to /home/vs/.config/discord/0.0.39/modules/pending/discord_voice-1.zip: 29%
2023-12-30T11:55:09.730Z [Modules] Streaming discord_voice@1 to /home/vs/.config/discord/0.0.39/modules/pending/discord_voice-1.zip: 30%
2023-12-30T11:55:09.734Z [Modules] Streaming discord_voice@1 to /home/vs/.config/discord/0.0.39/modules/pending/discord_voice-1.zip: 31%
2023-12-30T11:55:09.737Z [Modules] Streaming discord_voice@1 to /home/vs/.config/discord/0.0.39/modules/pending/discord_voice-1.zip: 32%
2023-12-30T11:55:09.740Z [Modules] Streaming discord_voice@1 to /home/vs/.config/discord/0.0.39/modules/pending/discord_voice-1.zip: 33%
2023-12-30T11:55:09.743Z [Modules] Streaming discord_voice@1 to /home/vs/.config/discord/0.0.39/modules/pending/discord_voice-1.zip: 34%
2023-12-30T11:55:09.751Z [Modules] Streaming discord_voice@1 to /home/vs/.config/discord/0.0.39/modules/pending/discord_voice-1.zip: 35%
2023-12-30T11:55:09.756Z [Modules] Streaming discord_voice@1 to /home/vs/.config/discord/0.0.39/modules/pending/discord_voice-1.zip: 36%
2023-12-30T11:55:09.762Z [Modules] Streaming discord_voice@1 to /home/vs/.config/discord/0.0.39/modules/pending/discord_voice-1.zip: 37%
2023-12-30T11:55:09.767Z [Modules] Streaming discord_voice@1 to /home/vs/.config/discord/0.0.39/modules/pending/discord_voice-1.zip: 38%
2023-12-30T11:55:09.771Z [Modules] Streaming discord_voice@1 to /home/vs/.config/discord/0.0.39/modules/pending/discord_voice-1.zip: 39%
2023-12-30T11:55:09.778Z [Modules] Streaming discord_voice@1 to /home/vs/.config/discord/0.0.39/modules/pending/discord_voice-1.zip: 40%
2023-12-30T11:55:09.783Z [Modules] Streaming discord_voice@1 to /home/vs/.config/discord/0.0.39/modules/pending/discord_voice-1.zip: 41%
2023-12-30T11:55:09.788Z [Modules] Streaming discord_voice@1 to /home/vs/.config/discord/0.0.39/modules/pending/discord_voice-1.zip: 42%
2023-12-30T11:55:09.792Z [Modules] Streaming discord_voice@1 to /home/vs/.config/discord/0.0.39/modules/pending/discord_voice-1.zip: 43%
2023-12-30T11:55:09.797Z [Modules] Streaming discord_voice@1 to /home/vs/.config/discord/0.0.39/modules/pending/discord_voice-1.zip: 44%
2023-12-30T11:55:09.801Z [Modules] Streaming discord_voice@1 to /home/vs/.config/discord/0.0.39/modules/pending/discord_voice-1.zip: 45%
2023-12-30T11:55:09.807Z [Modules] Streaming discord_voice@1 to /home/vs/.config/discord/0.0.39/modules/pending/discord_voice-1.zip: 46%
2023-12-30T11:55:09.812Z [Modules] Streaming discord_voice@1 to /home/vs/.config/discord/0.0.39/modules/pending/discord_voice-1.zip: 47%
2023-12-30T11:55:09.817Z [Modules] Streaming discord_voice@1 to /home/vs/.config/discord/0.0.39/modules/pending/discord_voice-1.zip: 48%
2023-12-30T11:55:09.820Z [Modules] Streaming discord_voice@1 to /home/vs/.config/discord/0.0.39/modules/pending/discord_voice-1.zip: 49%
2023-12-30T11:55:09.825Z [Modules] Streaming discord_voice@1 to /home/vs/.config/discord/0.0.39/modules/pending/discord_voice-1.zip: 50%
2023-12-30T11:55:09.829Z [Modules] Streaming discord_voice@1 to /home/vs/.config/discord/0.0.39/modules/pending/discord_voice-1.zip: 51%
2023-12-30T11:55:09.833Z [Modules] Streaming discord_voice@1 to /home/vs/.config/discord/0.0.39/modules/pending/discord_voice-1.zip: 52%
2023-12-30T11:55:09.843Z [Modules] Streaming discord_voice@1 to /home/vs/.config/discord/0.0.39/modules/pending/discord_voice-1.zip: 53%
2023-12-30T11:55:09.847Z [Modules] Streaming discord_voice@1 to /home/vs/.config/discord/0.0.39/modules/pending/discord_voice-1.zip: 54%
2023-12-30T11:55:09.852Z [Modules] Streaming discord_voice@1 to /home/vs/.config/discord/0.0.39/modules/pending/discord_voice-1.zip: 55%
2023-12-30T11:55:09.856Z [Modules] Streaming discord_voice@1 to /home/vs/.config/discord/0.0.39/modules/pending/discord_voice-1.zip: 56%
2023-12-30T11:55:09.861Z [Modules] Streaming discord_voice@1 to /home/vs/.config/discord/0.0.39/modules/pending/discord_voice-1.zip: 57%
2023-12-30T11:55:09.866Z [Modules] Streaming discord_voice@1 to /home/vs/.config/discord/0.0.39/modules/pending/discord_voice-1.zip: 58%
2023-12-30T11:55:09.872Z [Modules] Streaming discord_voice@1 to /home/vs/.config/discord/0.0.39/modules/pending/discord_voice-1.zip: 59%
2023-12-30T11:55:09.876Z [Modules] Streaming discord_voice@1 to /home/vs/.config/discord/0.0.39/modules/pending/discord_voice-1.zip: 60%
2023-12-30T11:55:09.880Z [Modules] Streaming discord_voice@1 to /home/vs/.config/discord/0.0.39/modules/pending/discord_voice-1.zip: 61%
2023-12-30T11:55:09.885Z [Modules] Streaming discord_voice@1 to /home/vs/.config/discord/0.0.39/modules/pending/discord_voice-1.zip: 62%
2023-12-30T11:55:09.890Z [Modules] Streaming discord_voice@1 to /home/vs/.config/discord/0.0.39/modules/pending/discord_voice-1.zip: 63%
2023-12-30T11:55:09.896Z [Modules] Streaming discord_voice@1 to /home/vs/.config/discord/0.0.39/modules/pending/discord_voice-1.zip: 64%
2023-12-30T11:55:09.901Z [Modules] Streaming discord_voice@1 to /home/vs/.config/discord/0.0.39/modules/pending/discord_voice-1.zip: 65%
2023-12-30T11:55:09.903Z [Modules] Streaming discord_voice@1 to /home/vs/.config/discord/0.0.39/modules/pending/discord_voice-1.zip: 66%
2023-12-30T11:55:09.910Z [Modules] Streaming discord_voice@1 to /home/vs/.config/discord/0.0.39/modules/pending/discord_voice-1.zip: 67%
2023-12-30T11:55:09.920Z [Modules] Streaming discord_voice@1 to /home/vs/.config/discord/0.0.39/modules/pending/discord_voice-1.zip: 68%
2023-12-30T11:55:09.923Z [Modules] Streaming discord_voice@1 to /home/vs/.config/discord/0.0.39/modules/pending/discord_voice-1.zip: 69%
2023-12-30T11:55:09.928Z [Modules] Streaming discord_voice@1 to /home/vs/.config/discord/0.0.39/modules/pending/discord_voice-1.zip: 70%
2023-12-30T11:55:09.932Z [Modules] Streaming discord_voice@1 to /home/vs/.config/discord/0.0.39/modules/pending/discord_voice-1.zip: 71%
2023-12-30T11:55:09.935Z [Modules] Streaming discord_voice@1 to /home/vs/.config/discord/0.0.39/modules/pending/discord_voice-1.zip: 72%
2023-12-30T11:55:09.942Z [Modules] Streaming discord_voice@1 to /home/vs/.config/discord/0.0.39/modules/pending/discord_voice-1.zip: 73%
2023-12-30T11:55:09.947Z [Modules] Streaming discord_voice@1 to /home/vs/.config/discord/0.0.39/modules/pending/discord_voice-1.zip: 74%
2023-12-30T11:55:09.952Z [Modules] Streaming discord_voice@1 to /home/vs/.config/discord/0.0.39/modules/pending/discord_voice-1.zip: 75%
2023-12-30T11:55:09.956Z [Modules] Streaming discord_voice@1 to /home/vs/.config/discord/0.0.39/modules/pending/discord_voice-1.zip: 76%
2023-12-30T11:55:09.960Z [Modules] Streaming discord_voice@1 to /home/vs/.config/discord/0.0.39/modules/pending/discord_voice-1.zip: 77%
2023-12-30T11:55:09.966Z [Modules] Streaming discord_voice@1 to /home/vs/.config/discord/0.0.39/modules/pending/discord_voice-1.zip: 78%
2023-12-30T11:55:09.973Z [Modules] Streaming discord_voice@1 to /home/vs/.config/discord/0.0.39/modules/pending/discord_voice-1.zip: 79%
2023-12-30T11:55:09.978Z [Modules] Streaming discord_voice@1 to /home/vs/.config/discord/0.0.39/modules/pending/discord_voice-1.zip: 80%
2023-12-30T11:55:09.983Z [Modules] Streaming discord_voice@1 to /home/vs/.config/discord/0.0.39/modules/pending/discord_voice-1.zip: 81%
2023-12-30T11:55:09.987Z [Modules] Streaming discord_voice@1 to /home/vs/.config/discord/0.0.39/modules/pending/discord_voice-1.zip: 82%
2023-12-30T11:55:09.990Z [Modules] Streaming discord_voice@1 to /home/vs/.config/discord/0.0.39/modules/pending/discord_voice-1.zip: 83%
2023-12-30T11:55:09.994Z [Modules] Streaming discord_voice@1 to /home/vs/.config/discord/0.0.39/modules/pending/discord_voice-1.zip: 84%
2023-12-30T11:55:10.023Z [Modules] Streaming discord_voice@1 to /home/vs/.config/discord/0.0.39/modules/pending/discord_voice-1.zip: 88%
2023-12-30T11:55:10.032Z [Modules] Streaming discord_voice@1 to /home/vs/.config/discord/0.0.39/modules/pending/discord_voice-1.zip: 91%
2023-12-30T11:55:10.042Z [Modules] Streaming discord_voice@1 to /home/vs/.config/discord/0.0.39/modules/pending/discord_voice-1.zip: 92%
2023-12-30T11:55:10.045Z [Modules] Streaming discord_voice@1 to /home/vs/.config/discord/0.0.39/modules/pending/discord_voice-1.zip: 93%
2023-12-30T11:55:10.057Z [Modules] Streaming discord_voice@1 to /home/vs/.config/discord/0.0.39/modules/pending/discord_voice-1.zip: 96%
2023-12-30T11:55:10.064Z [Modules] Streaming discord_voice@1 to /home/vs/.config/discord/0.0.39/modules/pending/discord_voice-1.zip: 97%
2023-12-30T11:55:10.069Z [Modules] Streaming discord_voice@1 to /home/vs/.config/discord/0.0.39/modules/pending/discord_voice-1.zip: 98%
2023-12-30T11:55:10.074Z [Modules] Streaming discord_voice@1 to /home/vs/.config/discord/0.0.39/modules/pending/discord_voice-1.zip: 99%
2023-12-30T11:55:10.076Z [Modules] Streaming discord_voice@1 to /home/vs/.config/discord/0.0.39/modules/pending/discord_voice-1.zip: 100%
2023-12-30T11:55:10.078Z [Modules] Finished module downloads. [success: 5] [failure: 0]
2023-12-30T11:55:10.079Z [Modules] Installing updates...
2023-12-30T11:55:10.079Z [Modules] Installing discord_desktop_core@1 from /home/vs/.config/discord/0.0.39/modules/pending/discord_desktop_core-1.zip
2023-12-30T11:55:10.207Z [Modules] Installing discord_erlpack@1 from /home/vs/.config/discord/0.0.39/modules/pending/discord_erlpack-1.zip
2023-12-30T11:55:10.272Z [Modules] Installing discord_spellcheck@1 from /home/vs/.config/discord/0.0.39/modules/pending/discord_spellcheck-1.zip
2023-12-30T11:55:11.176Z [Modules] Installing discord_utils@1 from /home/vs/.config/discord/0.0.39/modules/pending/discord_utils-1.zip
2023-12-30T11:55:11.302Z [Modules] Installing discord_voice@1 from /home/vs/.config/discord/0.0.39/modules/pending/discord_voice-1.zip
2023-12-30T11:55:12.123Z [Modules] Finished module installations. [success: 5] [failure: 0]
2023-12-30T11:55:12.124Z [Modules] Checking for host updates.
2023-12-30T11:55:12.577Z [Modules] Host is up to date.
2023-12-30T11:55:12.577Z [Modules] Checking for module updates at https://discord.com/api/modules/stable/versions.json
2023-12-30T11:55:12.590Z [Modules] No module updates available.
2023-12-30T11:55:14.008Z [Modules] Starting to install discord_krisp...
2023-12-30T11:55:14.008Z [Modules] Fetching discord_krisp@1 from https://discord.com/api/modules/stable/discord_krisp/1
2023-12-30T11:55:14.008Z [Modules] Streaming discord_krisp@1 to /home/vs/.config/discord/0.0.39/modules/pending/discord_krisp-1.zip
2023-12-30T11:55:14.018Z [Modules] Starting to install discord_game_utils...
2023-12-30T11:55:14.845Z [Modules] Checking for host updates.
2023-12-30T11:55:14.947Z [Modules] Starting to install discord_rpc...
2023-12-30T11:55:15.865Z [Modules] Streaming discord_krisp@1 to /home/vs/.config/discord/0.0.39/modules/pending/discord_krisp-1.zip: 1%
2023-12-30T11:55:15.873Z [Modules] Streaming discord_krisp@1 to /home/vs/.config/discord/0.0.39/modules/pending/discord_krisp-1.zip: 2%
2023-12-30T11:55:15.881Z [Modules] Streaming discord_krisp@1 to /home/vs/.config/discord/0.0.39/modules/pending/discord_krisp-1.zip: 3%
2023-12-30T11:55:15.886Z [Modules] Streaming discord_krisp@1 to /home/vs/.config/discord/0.0.39/modules/pending/discord_krisp-1.zip: 4%
2023-12-30T11:55:15.892Z [Modules] Streaming discord_krisp@1 to /home/vs/.config/discord/0.0.39/modules/pending/discord_krisp-1.zip: 5%
2023-12-30T11:55:15.899Z [Modules] Streaming discord_krisp@1 to /home/vs/.config/discord/0.0.39/modules/pending/discord_krisp-1.zip: 6%
2023-12-30T11:55:15.904Z [Modules] Streaming discord_krisp@1 to /home/vs/.config/discord/0.0.39/modules/pending/discord_krisp-1.zip: 7%
2023-12-30T11:55:15.911Z [Modules] Streaming discord_krisp@1 to /home/vs/.config/discord/0.0.39/modules/pending/discord_krisp-1.zip: 8%
2023-12-30T11:55:15.917Z [Modules] Streaming discord_krisp@1 to /home/vs/.config/discord/0.0.39/modules/pending/discord_krisp-1.zip: 9%
2023-12-30T11:55:15.927Z [Modules] Streaming discord_krisp@1 to /home/vs/.config/discord/0.0.39/modules/pending/discord_krisp-1.zip: 10%
2023-12-30T11:55:15.933Z [Modules] Streaming discord_krisp@1 to /home/vs/.config/discord/0.0.39/modules/pending/discord_krisp-1.zip: 11%
2023-12-30T11:55:15.939Z [Modules] Streaming discord_krisp@1 to /home/vs/.config/discord/0.0.39/modules/pending/discord_krisp-1.zip: 12%
2023-12-30T11:55:15.944Z [Modules] Streaming discord_krisp@1 to /home/vs/.config/discord/0.0.39/modules/pending/discord_krisp-1.zip: 13%
2023-12-30T11:55:15.955Z [Modules] Streaming discord_krisp@1 to /home/vs/.config/discord/0.0.39/modules/pending/discord_krisp-1.zip: 14%
2023-12-30T11:55:15.966Z [Modules] Streaming discord_krisp@1 to /home/vs/.config/discord/0.0.39/modules/pending/discord_krisp-1.zip: 15%
2023-12-30T11:55:15.972Z [Modules] Streaming discord_krisp@1 to /home/vs/.config/discord/0.0.39/modules/pending/discord_krisp-1.zip: 16%
2023-12-30T11:55:15.977Z [Modules] Streaming discord_krisp@1 to /home/vs/.config/discord/0.0.39/modules/pending/discord_krisp-1.zip: 17%
2023-12-30T11:55:15.984Z [Modules] Streaming discord_krisp@1 to /home/vs/.config/discord/0.0.39/modules/pending/discord_krisp-1.zip: 18%
2023-12-30T11:55:15.993Z [Modules] Streaming discord_krisp@1 to /home/vs/.config/discord/0.0.39/modules/pending/discord_krisp-1.zip: 19%
2023-12-30T11:55:16.000Z [Modules] Streaming discord_krisp@1 to /home/vs/.config/discord/0.0.39/modules/pending/discord_krisp-1.zip: 20%
2023-12-30T11:55:16.005Z [Modules] Streaming discord_krisp@1 to /home/vs/.config/discord/0.0.39/modules/pending/discord_krisp-1.zip: 21%
2023-12-30T11:55:16.012Z [Modules] Streaming discord_krisp@1 to /home/vs/.config/discord/0.0.39/modules/pending/discord_krisp-1.zip: 22%
2023-12-30T11:55:16.024Z [Modules] Streaming discord_krisp@1 to /home/vs/.config/discord/0.0.39/modules/pending/discord_krisp-1.zip: 23%
2023-12-30T11:55:16.031Z [Modules] Streaming discord_krisp@1 to /home/vs/.config/discord/0.0.39/modules/pending/discord_krisp-1.zip: 24%
2023-12-30T11:55:16.038Z [Modules] Streaming discord_krisp@1 to /home/vs/.config/discord/0.0.39/modules/pending/discord_krisp-1.zip: 25%
2023-12-30T11:55:16.042Z [Modules] Streaming discord_krisp@1 to /home/vs/.config/discord/0.0.39/modules/pending/discord_krisp-1.zip: 26%
2023-12-30T11:55:16.053Z [Modules] Streaming discord_krisp@1 to /home/vs/.config/discord/0.0.39/modules/pending/discord_krisp-1.zip: 27%
2023-12-30T11:55:16.058Z [Modules] Streaming discord_krisp@1 to /home/vs/.config/discord/0.0.39/modules/pending/discord_krisp-1.zip: 28%
2023-12-30T11:55:16.065Z [Modules] Streaming discord_krisp@1 to /home/vs/.config/discord/0.0.39/modules/pending/discord_krisp-1.zip: 29%
2023-12-30T11:55:16.073Z [Modules] Streaming discord_krisp@1 to /home/vs/.config/discord/0.0.39/modules/pending/discord_krisp-1.zip: 30%
2023-12-30T11:55:16.078Z [Modules] Streaming discord_krisp@1 to /home/vs/.config/discord/0.0.39/modules/pending/discord_krisp-1.zip: 31%
2023-12-30T11:55:16.084Z [Modules] Streaming discord_krisp@1 to /home/vs/.config/discord/0.0.39/modules/pending/discord_krisp-1.zip: 32%
2023-12-30T11:55:16.093Z [Modules] Streaming discord_krisp@1 to /home/vs/.config/discord/0.0.39/modules/pending/discord_krisp-1.zip: 33%
2023-12-30T11:55:16.099Z [Modules] Streaming discord_krisp@1 to /home/vs/.config/discord/0.0.39/modules/pending/discord_krisp-1.zip: 34%
2023-12-30T11:55:16.103Z [Modules] Streaming discord_krisp@1 to /home/vs/.config/discord/0.0.39/modules/pending/discord_krisp-1.zip: 35%
2023-12-30T11:55:16.105Z [Modules] Streaming discord_krisp@1 to /home/vs/.config/discord/0.0.39/modules/pending/discord_krisp-1.zip: 36%
2023-12-30T11:55:16.111Z [Modules] Streaming discord_krisp@1 to /home/vs/.config/discord/0.0.39/modules/pending/discord_krisp-1.zip: 37%
2023-12-30T11:55:16.116Z [Modules] Streaming discord_krisp@1 to /home/vs/.config/discord/0.0.39/modules/pending/discord_krisp-1.zip: 38%
2023-12-30T11:55:16.121Z [Modules] Streaming discord_krisp@1 to /home/vs/.config/discord/0.0.39/modules/pending/discord_krisp-1.zip: 39%
2023-12-30T11:55:16.125Z [Modules] Streaming discord_krisp@1 to /home/vs/.config/discord/0.0.39/modules/pending/discord_krisp-1.zip: 40%
2023-12-30T11:55:16.128Z [Modules] Streaming discord_krisp@1 to /home/vs/.config/discord/0.0.39/modules/pending/discord_krisp-1.zip: 41%
2023-12-30T11:55:16.134Z [Modules] Streaming discord_krisp@1 to /home/vs/.config/discord/0.0.39/modules/pending/discord_krisp-1.zip: 42%
2023-12-30T11:55:16.139Z [Modules] Streaming discord_krisp@1 to /home/vs/.config/discord/0.0.39/modules/pending/discord_krisp-1.zip: 43%
2023-12-30T11:55:16.144Z [Modules] Streaming discord_krisp@1 to /home/vs/.config/discord/0.0.39/modules/pending/discord_krisp-1.zip: 44%
2023-12-30T11:55:16.147Z [Modules] Streaming discord_krisp@1 to /home/vs/.config/discord/0.0.39/modules/pending/discord_krisp-1.zip: 45%
2023-12-30T11:55:16.151Z [Modules] Streaming discord_krisp@1 to /home/vs/.config/discord/0.0.39/modules/pending/discord_krisp-1.zip: 46%
2023-12-30T11:55:16.157Z [Modules] Streaming discord_krisp@1 to /home/vs/.config/discord/0.0.39/modules/pending/discord_krisp-1.zip: 47%
2023-12-30T11:55:16.161Z [Modules] Streaming discord_krisp@1 to /home/vs/.config/discord/0.0.39/modules/pending/discord_krisp-1.zip: 48%
2023-12-30T11:55:16.168Z [Modules] Streaming discord_krisp@1 to /home/vs/.config/discord/0.0.39/modules/pending/discord_krisp-1.zip: 49%
2023-12-30T11:55:16.172Z [Modules] Streaming discord_krisp@1 to /home/vs/.config/discord/0.0.39/modules/pending/discord_krisp-1.zip: 50%
2023-12-30T11:55:16.174Z [Modules] Streaming discord_krisp@1 to /home/vs/.config/discord/0.0.39/modules/pending/discord_krisp-1.zip: 51%
2023-12-30T11:55:16.178Z [Modules] Streaming discord_krisp@1 to /home/vs/.config/discord/0.0.39/modules/pending/discord_krisp-1.zip: 52%
2023-12-30T11:55:16.182Z [Modules] Streaming discord_krisp@1 to /home/vs/.config/discord/0.0.39/modules/pending/discord_krisp-1.zip: 53%
2023-12-30T11:55:16.185Z [Modules] Streaming discord_krisp@1 to /home/vs/.config/discord/0.0.39/modules/pending/discord_krisp-1.zip: 54%
2023-12-30T11:55:16.192Z [Modules] Streaming discord_krisp@1 to /home/vs/.config/discord/0.0.39/modules/pending/discord_krisp-1.zip: 55%
2023-12-30T11:55:16.198Z [Modules] Streaming discord_krisp@1 to /home/vs/.config/discord/0.0.39/modules/pending/discord_krisp-1.zip: 56%
2023-12-30T11:55:16.203Z [Modules] Streaming discord_krisp@1 to /home/vs/.config/discord/0.0.39/modules/pending/discord_krisp-1.zip: 57%
2023-12-30T11:55:16.209Z [Modules] Streaming discord_krisp@1 to /home/vs/.config/discord/0.0.39/modules/pending/discord_krisp-1.zip: 58%
2023-12-30T11:55:16.234Z [Modules] Streaming discord_krisp@1 to /home/vs/.config/discord/0.0.39/modules/pending/discord_krisp-1.zip: 62%
2023-12-30T11:55:16.238Z [Modules] Streaming discord_krisp@1 to /home/vs/.config/discord/0.0.39/modules/pending/discord_krisp-1.zip: 63%
2023-12-30T11:55:16.241Z [Modules] Streaming discord_krisp@1 to /home/vs/.config/discord/0.0.39/modules/pending/discord_krisp-1.zip: 64%
2023-12-30T11:55:16.244Z [Modules] Streaming discord_krisp@1 to /home/vs/.config/discord/0.0.39/modules/pending/discord_krisp-1.zip: 65%
2023-12-30T11:55:16.245Z [Modules] Streaming discord_krisp@1 to /home/vs/.config/discord/0.0.39/modules/pending/discord_krisp-1.zip: 66%
2023-12-30T11:55:16.250Z [Modules] Streaming discord_krisp@1 to /home/vs/.config/discord/0.0.39/modules/pending/discord_krisp-1.zip: 67%
2023-12-30T11:55:16.254Z [Modules] Streaming discord_krisp@1 to /home/vs/.config/discord/0.0.39/modules/pending/discord_krisp-1.zip: 68%
2023-12-30T11:55:16.258Z [Modules] Streaming discord_krisp@1 to /home/vs/.config/discord/0.0.39/modules/pending/discord_krisp-1.zip: 69%
2023-12-30T11:55:16.269Z [Modules] Streaming discord_krisp@1 to /home/vs/.config/discord/0.0.39/modules/pending/discord_krisp-1.zip: 71%
2023-12-30T11:55:16.271Z [Modules] Streaming discord_krisp@1 to /home/vs/.config/discord/0.0.39/modules/pending/discord_krisp-1.zip: 72%
2023-12-30T11:55:16.274Z [Modules] Streaming discord_krisp@1 to /home/vs/.config/discord/0.0.39/modules/pending/discord_krisp-1.zip: 73%
2023-12-30T11:55:16.278Z [Modules] Streaming discord_krisp@1 to /home/vs/.config/discord/0.0.39/modules/pending/discord_krisp-1.zip: 74%
2023-12-30T11:55:16.281Z [Modules] Streaming discord_krisp@1 to /home/vs/.config/discord/0.0.39/modules/pending/discord_krisp-1.zip: 75%
2023-12-30T11:55:16.285Z [Modules] Streaming discord_krisp@1 to /home/vs/.config/discord/0.0.39/modules/pending/discord_krisp-1.zip: 76%
2023-12-30T11:55:16.288Z [Modules] Streaming discord_krisp@1 to /home/vs/.config/discord/0.0.39/modules/pending/discord_krisp-1.zip: 77%
2023-12-30T11:55:16.292Z [Modules] Streaming discord_krisp@1 to /home/vs/.config/discord/0.0.39/modules/pending/discord_krisp-1.zip: 78%
2023-12-30T11:55:16.300Z [Modules] Streaming discord_krisp@1 to /home/vs/.config/discord/0.0.39/modules/pending/discord_krisp-1.zip: 79%
2023-12-30T11:55:16.305Z [Modules] Streaming discord_krisp@1 to /home/vs/.config/discord/0.0.39/modules/pending/discord_krisp-1.zip: 80%
2023-12-30T11:55:16.310Z [Modules] Streaming discord_krisp@1 to /home/vs/.config/discord/0.0.39/modules/pending/discord_krisp-1.zip: 81%
2023-12-30T11:55:16.314Z [Modules] Streaming discord_krisp@1 to /home/vs/.config/discord/0.0.39/modules/pending/discord_krisp-1.zip: 82%
2023-12-30T11:55:16.318Z [Modules] Streaming discord_krisp@1 to /home/vs/.config/discord/0.0.39/modules/pending/discord_krisp-1.zip: 83%
2023-12-30T11:55:16.321Z [Modules] Streaming discord_krisp@1 to /home/vs/.config/discord/0.0.39/modules/pending/discord_krisp-1.zip: 84%
2023-12-30T11:55:16.325Z [Modules] Streaming discord_krisp@1 to /home/vs/.config/discord/0.0.39/modules/pending/discord_krisp-1.zip: 85%
2023-12-30T11:55:16.334Z [Modules] Streaming discord_krisp@1 to /home/vs/.config/discord/0.0.39/modules/pending/discord_krisp-1.zip: 86%
2023-12-30T11:55:16.336Z [Modules] Streaming discord_krisp@1 to /home/vs/.config/discord/0.0.39/modules/pending/discord_krisp-1.zip: 87%
2023-12-30T11:55:16.340Z [Modules] Streaming discord_krisp@1 to /home/vs/.config/discord/0.0.39/modules/pending/discord_krisp-1.zip: 88%
2023-12-30T11:55:16.343Z [Modules] Streaming discord_krisp@1 to /home/vs/.config/discord/0.0.39/modules/pending/discord_krisp-1.zip: 89%
2023-12-30T11:55:16.347Z [Modules] Streaming discord_krisp@1 to /home/vs/.config/discord/0.0.39/modules/pending/discord_krisp-1.zip: 90%
2023-12-30T11:55:16.350Z [Modules] Streaming discord_krisp@1 to /home/vs/.config/discord/0.0.39/modules/pending/discord_krisp-1.zip: 91%
2023-12-30T11:55:16.359Z [Modules] Streaming discord_krisp@1 to /home/vs/.config/discord/0.0.39/modules/pending/discord_krisp-1.zip: 92%
2023-12-30T11:55:16.362Z [Modules] Streaming discord_krisp@1 to /home/vs/.config/discord/0.0.39/modules/pending/discord_krisp-1.zip: 93%
2023-12-30T11:55:16.368Z [Modules] Streaming discord_krisp@1 to /home/vs/.config/discord/0.0.39/modules/pending/discord_krisp-1.zip: 94%
2023-12-30T11:55:16.375Z [Modules] Streaming discord_krisp@1 to /home/vs/.config/discord/0.0.39/modules/pending/discord_krisp-1.zip: 95%
2023-12-30T11:55:16.378Z [Modules] Streaming discord_krisp@1 to /home/vs/.config/discord/0.0.39/modules/pending/discord_krisp-1.zip: 96%
2023-12-30T11:55:16.383Z [Modules] Streaming discord_krisp@1 to /home/vs/.config/discord/0.0.39/modules/pending/discord_krisp-1.zip: 97%
2023-12-30T11:55:16.386Z [Modules] Streaming discord_krisp@1 to /home/vs/.config/discord/0.0.39/modules/pending/discord_krisp-1.zip: 98%
2023-12-30T11:55:16.388Z [Modules] Streaming discord_krisp@1 to /home/vs/.config/discord/0.0.39/modules/pending/discord_krisp-1.zip: 99%
2023-12-30T11:55:16.403Z [Modules] Streaming discord_krisp@1 to /home/vs/.config/discord/0.0.39/modules/pending/discord_krisp-1.zip: 100%
2023-12-30T11:55:16.406Z [Modules] Fetching discord_game_utils@1 from https://discord.com/api/modules/stable/discord_game_utils/1
2023-12-30T11:55:16.406Z [Modules] Streaming discord_game_utils@1 to /home/vs/.config/discord/0.0.39/modules/pending/discord_game_utils-1.zip
2023-12-30T11:55:16.406Z [Modules] Installing discord_krisp@1 from /home/vs/.config/discord/0.0.39/modules/pending/discord_krisp-1.zip
2023-12-30T11:55:16.686Z [Modules] Host is up to date.
2023-12-30T11:55:16.686Z [Modules] Checking for module updates at https://discord.com/api/modules/stable/versions.json
2023-12-30T11:55:16.688Z [Modules] No module updates available.
2023-12-30T11:55:16.856Z [Modules] Finished module installations. [success: 1] [failure: 0]
2023-12-30T11:55:17.178Z [Modules] Streaming discord_game_utils@1 to /home/vs/.config/discord/0.0.39/modules/pending/discord_game_utils-1.zip: 2%
2023-12-30T11:55:17.178Z [Modules] Streaming discord_game_utils@1 to /home/vs/.config/discord/0.0.39/modules/pending/discord_game_utils-1.zip: 3%
2023-12-30T11:55:17.188Z [Modules] Streaming discord_game_utils@1 to /home/vs/.config/discord/0.0.39/modules/pending/discord_game_utils-1.zip: 4%
2023-12-30T11:55:17.190Z [Modules] Streaming discord_game_utils@1 to /home/vs/.config/discord/0.0.39/modules/pending/discord_game_utils-1.zip: 6%
2023-12-30T11:55:17.194Z [Modules] Streaming discord_game_utils@1 to /home/vs/.config/discord/0.0.39/modules/pending/discord_game_utils-1.zip: 8%
2023-12-30T11:55:17.196Z [Modules] Streaming discord_game_utils@1 to /home/vs/.config/discord/0.0.39/modules/pending/discord_game_utils-1.zip: 10%
2023-12-30T11:55:17.197Z [Modules] Streaming discord_game_utils@1 to /home/vs/.config/discord/0.0.39/modules/pending/discord_game_utils-1.zip: 12%
2023-12-30T11:55:17.198Z [Modules] Streaming discord_game_utils@1 to /home/vs/.config/discord/0.0.39/modules/pending/discord_game_utils-1.zip: 14%
2023-12-30T11:55:17.202Z [Modules] Streaming discord_game_utils@1 to /home/vs/.config/discord/0.0.39/modules/pending/discord_game_utils-1.zip: 16%
2023-12-30T11:55:17.204Z [Modules] Streaming discord_game_utils@1 to /home/vs/.config/discord/0.0.39/modules/pending/discord_game_utils-1.zip: 19%
2023-12-30T11:55:17.205Z [Modules] Streaming discord_game_utils@1 to /home/vs/.config/discord/0.0.39/modules/pending/discord_game_utils-1.zip: 22%
2023-12-30T11:55:17.205Z [Modules] Streaming discord_game_utils@1 to /home/vs/.config/discord/0.0.39/modules/pending/discord_game_utils-1.zip: 23%
2023-12-30T11:55:17.207Z [Modules] Streaming discord_game_utils@1 to /home/vs/.config/discord/0.0.39/modules/pending/discord_game_utils-1.zip: 25%
2023-12-30T11:55:17.210Z [Modules] Streaming discord_game_utils@1 to /home/vs/.config/discord/0.0.39/modules/pending/discord_game_utils-1.zip: 26%
2023-12-30T11:55:17.212Z [Modules] Streaming discord_game_utils@1 to /home/vs/.config/discord/0.0.39/modules/pending/discord_game_utils-1.zip: 28%
2023-12-30T11:55:17.213Z [Modules] Streaming discord_game_utils@1 to /home/vs/.config/discord/0.0.39/modules/pending/discord_game_utils-1.zip: 31%
2023-12-30T11:55:17.215Z [Modules] Streaming discord_game_utils@1 to /home/vs/.config/discord/0.0.39/modules/pending/discord_game_utils-1.zip: 33%
2023-12-30T11:55:17.215Z [Modules] Streaming discord_game_utils@1 to /home/vs/.config/discord/0.0.39/modules/pending/discord_game_utils-1.zip: 35%
2023-12-30T11:55:17.217Z [Modules] Streaming discord_game_utils@1 to /home/vs/.config/discord/0.0.39/modules/pending/discord_game_utils-1.zip: 38%
2023-12-30T11:55:17.217Z [Modules] Streaming discord_game_utils@1 to /home/vs/.config/discord/0.0.39/modules/pending/discord_game_utils-1.zip: 40%
2023-12-30T11:55:17.219Z [Modules] Streaming discord_game_utils@1 to /home/vs/.config/discord/0.0.39/modules/pending/discord_game_utils-1.zip: 42%
2023-12-30T11:55:17.219Z [Modules] Streaming discord_game_utils@1 to /home/vs/.config/discord/0.0.39/modules/pending/discord_game_utils-1.zip: 44%
2023-12-30T11:55:17.220Z [Modules] Streaming discord_game_utils@1 to /home/vs/.config/discord/0.0.39/modules/pending/discord_game_utils-1.zip: 47%
2023-12-30T11:55:17.221Z [Modules] Streaming discord_game_utils@1 to /home/vs/.config/discord/0.0.39/modules/pending/discord_game_utils-1.zip: 49%
2023-12-30T11:55:17.223Z [Modules] Streaming discord_game_utils@1 to /home/vs/.config/discord/0.0.39/modules/pending/discord_game_utils-1.zip: 51%
2023-12-30T11:55:17.223Z [Modules] Streaming discord_game_utils@1 to /home/vs/.config/discord/0.0.39/modules/pending/discord_game_utils-1.zip: 53%
2023-12-30T11:55:17.225Z [Modules] Streaming discord_game_utils@1 to /home/vs/.config/discord/0.0.39/modules/pending/discord_game_utils-1.zip: 55%
2023-12-30T11:55:17.226Z [Modules] Streaming discord_game_utils@1 to /home/vs/.config/discord/0.0.39/modules/pending/discord_game_utils-1.zip: 57%
2023-12-30T11:55:17.226Z [Modules] Streaming discord_game_utils@1 to /home/vs/.config/discord/0.0.39/modules/pending/discord_game_utils-1.zip: 58%
2023-12-30T11:55:17.227Z [Modules] Streaming discord_game_utils@1 to /home/vs/.config/discord/0.0.39/modules/pending/discord_game_utils-1.zip: 61%
2023-12-30T11:55:17.229Z [Modules] Streaming discord_game_utils@1 to /home/vs/.config/discord/0.0.39/modules/pending/discord_game_utils-1.zip: 64%
2023-12-30T11:55:17.229Z [Modules] Streaming discord_game_utils@1 to /home/vs/.config/discord/0.0.39/modules/pending/discord_game_utils-1.zip: 66%
2023-12-30T11:55:17.230Z [Modules] Streaming discord_game_utils@1 to /home/vs/.config/discord/0.0.39/modules/pending/discord_game_utils-1.zip: 68%
2023-12-30T11:55:17.231Z [Modules] Streaming discord_game_utils@1 to /home/vs/.config/discord/0.0.39/modules/pending/discord_game_utils-1.zip: 71%
2023-12-30T11:55:17.233Z [Modules] Streaming discord_game_utils@1 to /home/vs/.config/discord/0.0.39/modules/pending/discord_game_utils-1.zip: 73%
2023-12-30T11:55:17.233Z [Modules] Streaming discord_game_utils@1 to /home/vs/.config/discord/0.0.39/modules/pending/discord_game_utils-1.zip: 75%
2023-12-30T11:55:17.234Z [Modules] Streaming discord_game_utils@1 to /home/vs/.config/discord/0.0.39/modules/pending/discord_game_utils-1.zip: 78%
2023-12-30T11:55:17.236Z [Modules] Streaming discord_game_utils@1 to /home/vs/.config/discord/0.0.39/modules/pending/discord_game_utils-1.zip: 81%
2023-12-30T11:55:17.238Z [Modules] Streaming discord_game_utils@1 to /home/vs/.config/discord/0.0.39/modules/pending/discord_game_utils-1.zip: 83%
2023-12-30T11:55:17.238Z [Modules] Streaming discord_game_utils@1 to /home/vs/.config/discord/0.0.39/modules/pending/discord_game_utils-1.zip: 85%
2023-12-30T11:55:17.239Z [Modules] Streaming discord_game_utils@1 to /home/vs/.config/discord/0.0.39/modules/pending/discord_game_utils-1.zip: 88%
2023-12-30T11:55:17.240Z [Modules] Streaming discord_game_utils@1 to /home/vs/.config/discord/0.0.39/modules/pending/discord_game_utils-1.zip: 90%
2023-12-30T11:55:17.241Z [Modules] Streaming discord_game_utils@1 to /home/vs/.config/discord/0.0.39/modules/pending/discord_game_utils-1.zip: 93%
2023-12-30T11:55:17.242Z [Modules] Streaming discord_game_utils@1 to /home/vs/.config/discord/0.0.39/modules/pending/discord_game_utils-1.zip: 95%
2023-12-30T11:55:17.244Z [Modules] Streaming discord_game_utils@1 to /home/vs/.config/discord/0.0.39/modules/pending/discord_game_utils-1.zip: 98%
2023-12-30T11:55:17.244Z [Modules] Streaming discord_game_utils@1 to /home/vs/.config/discord/0.0.39/modules/pending/discord_game_utils-1.zip: 100%
2023-12-30T11:55:17.245Z [Modules] Fetching discord_rpc@1 from https://discord.com/api/modules/stable/discord_rpc/1
2023-12-30T11:55:17.245Z [Modules] Streaming discord_rpc@1 to /home/vs/.config/discord/0.0.39/modules/pending/discord_rpc-1.zip
2023-12-30T11:55:17.245Z [Modules] Installing discord_game_utils@1 from /home/vs/.config/discord/0.0.39/modules/pending/discord_game_utils-1.zip
2023-12-30T11:55:17.378Z [Modules] Finished module installations. [success: 1] [failure: 0]
2023-12-30T11:55:18.001Z [Modules] Streaming discord_rpc@1 to /home/vs/.config/discord/0.0.39/modules/pending/discord_rpc-1.zip: 100%
2023-12-30T11:55:18.004Z [Modules] Finished module downloads. [success: 3] [failure: 0]
2023-12-30T11:55:18.005Z [Modules] Installing discord_rpc@1 from /home/vs/.config/discord/0.0.39/modules/pending/discord_rpc-1.zip
2023-12-30T11:55:18.044Z [Modules] Finished module installations. [success: 1] [failure: 0]
2023-12-30T18:12:47.999Z [Modules] Modules initializing
2023-12-30T18:12:48.000Z [Modules] Distribution: remote
2023-12-30T18:12:48.000Z [Modules] Host updates: enabled
2023-12-30T18:12:48.000Z [Modules] Module updates: enabled
2023-12-30T18:12:48.001Z [Modules] Module install path: /home/vs/.config/discord/0.0.39/modules
2023-12-30T18:12:48.001Z [Modules] Module installed file path: /home/vs/.config/discord/0.0.39/modules/installed.json
2023-12-30T18:12:48.002Z [Modules] Module download path: /home/vs/.config/discord/0.0.39/modules/pending
2023-12-30T18:12:49.602Z [Modules] No updates to install
2023-12-30T18:12:49.603Z [Modules] Checking for host updates.
2023-12-30T18:12:50.208Z [Modules] Host is up to date.
2023-12-30T18:12:50.208Z [Modules] Checking for module updates at https://discord.com/api/modules/stable/versions.json
2023-12-30T18:12:50.324Z [Modules] No module updates available.
2023-12-30T18:12:56.551Z [Modules] Checking for host updates.
2023-12-30T18:12:56.976Z [Modules] Host is up to date.
2023-12-30T18:12:56.976Z [Modules] Checking for module updates at https://discord.com/api/modules/stable/versions.json
2023-12-30T18:12:56.988Z [Modules] No module updates available.
2023-12-30T18:24:59.406Z [Modules] Modules initializing
2023-12-30T18:24:59.406Z [Modules] Distribution: remote
2023-12-30T18:24:59.406Z [Modules] Host updates: enabled
2023-12-30T18:24:59.406Z [Modules] Module updates: enabled
2023-12-30T18:24:59.407Z [Modules] Module install path: /home/vs/.config/discord/0.0.39/modules
2023-12-30T18:24:59.407Z [Modules] Module installed file path: /home/vs/.config/discord/0.0.39/modules/installed.json
2023-12-30T18:24:59.407Z [Modules] Module download path: /home/vs/.config/discord/0.0.39/modules/pending
2023-12-30T18:24:59.737Z [Modules] No updates to install
2023-12-30T18:24:59.738Z [Modules] Checking for host updates.
2023-12-30T18:25:00.219Z [Modules] Host is up to date.
2023-12-30T18:25:00.220Z [Modules] Checking for module updates at https://discord.com/api/modules/stable/versions.json
2023-12-30T18:25:00.727Z [Modules] No module updates available.
2023-12-30T18:25:03.525Z [Modules] Checking for host updates.
2023-12-30T18:25:03.999Z [Modules] Host is up to date.
2023-12-30T18:25:04.000Z [Modules] Checking for module updates at https://discord.com/api/modules/stable/versions.json
2023-12-30T18:25:04.007Z [Modules] No module updates available.
2023-12-30T18:54:50.157Z [Modules] Modules initializing
2023-12-30T18:54:50.158Z [Modules] Distribution: remote
2023-12-30T18:54:50.158Z [Modules] Host updates: enabled
2023-12-30T18:54:50.158Z [Modules] Module updates: enabled
2023-12-30T18:54:50.158Z [Modules] Module install path: /home/vs/.config/discord/0.0.39/modules
2023-12-30T18:54:50.158Z [Modules] Module installed file path: /home/vs/.config/discord/0.0.39/modules/installed.json
2023-12-30T18:54:50.159Z [Modules] Module download path: /home/vs/.config/discord/0.0.39/modules/pending
2023-12-30T18:54:50.490Z [Modules] No updates to install
2023-12-30T18:54:50.490Z [Modules] Checking for host updates.
2023-12-30T18:54:51.117Z [Modules] Host is up to date.
2023-12-30T18:54:51.118Z [Modules] Checking for module updates at https://discord.com/api/modules/stable/versions.json
2023-12-30T18:54:51.143Z [Modules] No module updates available.
2023-12-30T18:54:54.302Z [Modules] Checking for host updates.
2023-12-30T18:54:54.796Z [Modules] Host is up to date.
2023-12-30T18:54:54.796Z [Modules] Checking for module updates at https://discord.com/api/modules/stable/versions.json
2023-12-30T18:54:54.806Z [Modules] No module updates available.
2024-01-07T18:21:53.427Z [Modules] Modules initializing
2024-01-07T18:21:53.427Z [Modules] Distribution: remote
2024-01-07T18:21:53.427Z [Modules] Host updates: enabled
2024-01-07T18:21:53.427Z [Modules] Module updates: enabled
2024-01-07T18:21:53.428Z [Modules] Module install path: /home/vs/.config/discord/0.0.39/modules
2024-01-07T18:21:53.428Z [Modules] Module installed file path: /home/vs/.config/discord/0.0.39/modules/installed.json
2024-01-07T18:21:53.428Z [Modules] Module download path: /home/vs/.config/discord/0.0.39/modules/pending
2024-01-07T18:21:55.016Z [Modules] No updates to install
2024-01-07T18:21:55.017Z [Modules] Checking for host updates.
2024-01-07T18:22:00.752Z [Modules] Host is up to date.
2024-01-07T18:22:00.753Z [Modules] Checking for module updates at https://discord.com/api/modules/stable/versions.json
2024-01-07T18:22:00.820Z [Modules] No module updates available.
2024-01-07T18:22:04.835Z [Modules] Checking for host updates.
2024-01-07T18:22:05.217Z [Modules] Host is up to date.
2024-01-07T18:22:05.217Z [Modules] Checking for module updates at https://discord.com/api/modules/stable/versions.json
2024-01-07T18:22:05.221Z [Modules] No module updates available.
2024-01-07T19:22:04.838Z [Modules] Checking for host updates.
2024-01-07T19:22:10.241Z [Modules] Host is up to date.
2024-01-07T19:22:10.242Z [Modules] Checking for module updates at https://discord.com/api/modules/stable/versions.json
2024-01-07T19:22:10.301Z [Modules] No module updates available.
2024-01-07T20:22:04.836Z [Modules] Checking for host updates.
2024-01-07T20:22:10.209Z [Modules] Host is up to date.
2024-01-07T20:22:10.209Z [Modules] Checking for module updates at https://discord.com/api/modules/stable/versions.json
2024-01-07T20:22:10.257Z [Modules] No module updates available.
2024-01-07T21:22:04.836Z [Modules] Checking for host updates.
2024-01-07T21:22:05.349Z [Modules] Host is up to date.
2024-01-07T21:22:05.349Z [Modules] Checking for module updates at https://discord.com/api/modules/stable/versions.json
2024-01-07T21:22:05.397Z [Modules] No module updates available.
2024-01-07T22:22:04.835Z [Modules] Checking for host updates.
2024-01-07T22:22:10.223Z [Modules] Host is up to date.
2024-01-07T22:22:10.223Z [Modules] Checking for module updates at https://discord.com/api/modules/stable/versions.json
2024-01-07T22:22:10.268Z [Modules] No module updates available.
2024-01-08T10:26:21.342Z [Modules] Checking for host updates.
2024-01-08T10:26:21.856Z [Modules] Host is up to date.
2024-01-08T10:26:21.856Z [Modules] Checking for module updates at https://discord.com/api/modules/stable/versions.json
2024-01-08T10:26:21.929Z [Modules] No module updates available.
2024-01-08T13:08:33.076Z [Modules] Checking for host updates.
2024-01-08T13:08:38.672Z [Modules] Host is up to date.
2024-01-08T13:08:38.673Z [Modules] Checking for module updates at https://discord.com/api/modules/stable/versions.json
2024-01-08T13:08:38.773Z [Modules] No module updates available.
2024-02-02T13:41:55.176Z [Modules] Modules initializing
2024-02-02T13:41:55.176Z [Modules] Distribution: remote
2024-02-02T13:41:55.176Z [Modules] Host updates: enabled
2024-02-02T13:41:55.176Z [Modules] Module updates: enabled
2024-02-02T13:41:55.176Z [Modules] Module install path: /home/vs/.config/discord/0.0.42/modules
2024-02-02T13:41:55.177Z [Modules] Module installed file path: /home/vs/.config/discord/0.0.42/modules/installed.json
2024-02-02T13:41:55.177Z [Modules] Module download path: /home/vs/.config/discord/0.0.42/modules/pending
2024-02-02T13:41:55.437Z [Modules] Bootstrapping...
2024-02-02T13:41:55.438Z [Modules] Installing discord_desktop_core@0 from /opt/discord/resources/bootstrap/discord_desktop_core.zip
2024-02-02T13:41:55.441Z [Modules] Failed installing discord_desktop_core@0: Error: ENOENT: no such file or directory, open '/opt/discord/resources/bootstrap/discord_desktop_core.zip'
2024-02-02T13:41:55.443Z [Modules] Installing discord_erlpack@0 from /opt/discord/resources/bootstrap/discord_erlpack.zip
2024-02-02T13:41:55.444Z [Modules] Failed installing discord_erlpack@0: Error: ENOENT: no such file or directory, open '/opt/discord/resources/bootstrap/discord_erlpack.zip'
2024-02-02T13:41:55.445Z [Modules] Installing discord_spellcheck@0 from /opt/discord/resources/bootstrap/discord_spellcheck.zip
2024-02-02T13:41:55.447Z [Modules] Failed installing discord_spellcheck@0: Error: ENOENT: no such file or directory, open '/opt/discord/resources/bootstrap/discord_spellcheck.zip'
2024-02-02T13:41:55.448Z [Modules] Installing discord_utils@0 from /opt/discord/resources/bootstrap/discord_utils.zip
2024-02-02T13:41:55.449Z [Modules] Failed installing discord_utils@0: Error: ENOENT: no such file or directory, open '/opt/discord/resources/bootstrap/discord_utils.zip'
2024-02-02T13:41:55.449Z [Modules] Installing discord_voice@0 from /opt/discord/resources/bootstrap/discord_voice.zip
2024-02-02T13:41:55.450Z [Modules] Failed installing discord_voice@0: Error: ENOENT: no such file or directory, open '/opt/discord/resources/bootstrap/discord_voice.zip'
2024-02-02T13:41:55.450Z [Modules] Finished module installations. [success: 0] [failure: 5]
2024-02-02T13:41:55.453Z [Modules] Checking for host updates.
2024-02-02T13:41:55.860Z [Modules] Host is up to date.
2024-02-02T13:41:55.861Z [Modules] Checking for module updates at https://discord.com/api/modules/stable/versions.json
2024-02-02T13:41:55.919Z [Modules] Module update available: discord_desktop_core@1 [installed: 0]
2024-02-02T13:41:55.920Z [Modules] Module update available: discord_erlpack@1 [installed: 0]
2024-02-02T13:41:55.920Z [Modules] Module update available: discord_spellcheck@1 [installed: 0]
2024-02-02T13:41:55.921Z [Modules] Module update available: discord_utils@1 [installed: 0]
2024-02-02T13:41:55.921Z [Modules] Module update available: discord_voice@1 [installed: 0]
2024-02-02T13:41:55.923Z [Modules] Fetching discord_desktop_core@1 from https://discord.com/api/modules/stable/discord_desktop_core/1
2024-02-02T13:41:55.923Z [Modules] Streaming discord_desktop_core@1 to /home/vs/.config/discord/0.0.42/modules/pending/discord_desktop_core-1.zip
2024-02-02T13:41:57.186Z [Modules] Streaming discord_desktop_core@1 to /home/vs/.config/discord/0.0.42/modules/pending/discord_desktop_core-1.zip: 1%
2024-02-02T13:41:57.367Z [Modules] Streaming discord_desktop_core@1 to /home/vs/.config/discord/0.0.42/modules/pending/discord_desktop_core-1.zip: 2%
2024-02-02T13:41:57.409Z [Modules] Streaming discord_desktop_core@1 to /home/vs/.config/discord/0.0.42/modules/pending/discord_desktop_core-1.zip: 3%
2024-02-02T13:41:57.464Z [Modules] Streaming discord_desktop_core@1 to /home/vs/.config/discord/0.0.42/modules/pending/discord_desktop_core-1.zip: 4%
2024-02-02T13:41:57.526Z [Modules] Streaming discord_desktop_core@1 to /home/vs/.config/discord/0.0.42/modules/pending/discord_desktop_core-1.zip: 5%
2024-02-02T13:41:57.585Z [Modules] Streaming discord_desktop_core@1 to /home/vs/.config/discord/0.0.42/modules/pending/discord_desktop_core-1.zip: 6%
2024-02-02T13:41:57.623Z [Modules] Streaming discord_desktop_core@1 to /home/vs/.config/discord/0.0.42/modules/pending/discord_desktop_core-1.zip: 7%
2024-02-02T13:41:57.666Z [Modules] Streaming discord_desktop_core@1 to /home/vs/.config/discord/0.0.42/modules/pending/discord_desktop_core-1.zip: 8%
2024-02-02T13:41:57.690Z [Modules] Streaming discord_desktop_core@1 to /home/vs/.config/discord/0.0.42/modules/pending/discord_desktop_core-1.zip: 9%
2024-02-02T13:41:57.717Z [Modules] Streaming discord_desktop_core@1 to /home/vs/.config/discord/0.0.42/modules/pending/discord_desktop_core-1.zip: 10%
2024-02-02T13:41:57.730Z [Modules] Streaming discord_desktop_core@1 to /home/vs/.config/discord/0.0.42/modules/pending/discord_desktop_core-1.zip: 11%
2024-02-02T13:41:57.766Z [Modules] Streaming discord_desktop_core@1 to /home/vs/.config/discord/0.0.42/modules/pending/discord_desktop_core-1.zip: 12%
2024-02-02T13:41:57.775Z [Modules] Streaming discord_desktop_core@1 to /home/vs/.config/discord/0.0.42/modules/pending/discord_desktop_core-1.zip: 13%
2024-02-02T13:41:57.795Z [Modules] Streaming discord_desktop_core@1 to /home/vs/.config/discord/0.0.42/modules/pending/discord_desktop_core-1.zip: 14%
2024-02-02T13:41:57.817Z [Modules] Streaming discord_desktop_core@1 to /home/vs/.config/discord/0.0.42/modules/pending/discord_desktop_core-1.zip: 15%
2024-02-02T13:41:57.828Z [Modules] Streaming discord_desktop_core@1 to /home/vs/.config/discord/0.0.42/modules/pending/discord_desktop_core-1.zip: 16%
2024-02-02T13:41:57.841Z [Modules] Streaming discord_desktop_core@1 to /home/vs/.config/discord/0.0.42/modules/pending/discord_desktop_core-1.zip: 17%
2024-02-02T13:41:57.860Z [Modules] Streaming discord_desktop_core@1 to /home/vs/.config/discord/0.0.42/modules/pending/discord_desktop_core-1.zip: 18%
2024-02-02T13:41:57.875Z [Modules] Streaming discord_desktop_core@1 to /home/vs/.config/discord/0.0.42/modules/pending/discord_desktop_core-1.zip: 19%
2024-02-02T13:41:57.879Z [Modules] Streaming discord_desktop_core@1 to /home/vs/.config/discord/0.0.42/modules/pending/discord_desktop_core-1.zip: 20%
2024-02-02T13:41:57.894Z [Modules] Streaming discord_desktop_core@1 to /home/vs/.config/discord/0.0.42/modules/pending/discord_desktop_core-1.zip: 21%
2024-02-02T13:41:57.902Z [Modules] Streaming discord_desktop_core@1 to /home/vs/.config/discord/0.0.42/modules/pending/discord_desktop_core-1.zip: 22%
2024-02-02T13:41:57.916Z [Modules] Streaming discord_desktop_core@1 to /home/vs/.config/discord/0.0.42/modules/pending/discord_desktop_core-1.zip: 23%
2024-02-02T13:41:57.924Z [Modules] Streaming discord_desktop_core@1 to /home/vs/.config/discord/0.0.42/modules/pending/discord_desktop_core-1.zip: 24%
2024-02-02T13:41:57.931Z [Modules] Streaming discord_desktop_core@1 to /home/vs/.config/discord/0.0.42/modules/pending/discord_desktop_core-1.zip: 25%
2024-02-02T13:41:57.950Z [Modules] Streaming discord_desktop_core@1 to /home/vs/.config/discord/0.0.42/modules/pending/discord_desktop_core-1.zip: 27%
2024-02-02T13:41:57.955Z [Modules] Streaming discord_desktop_core@1 to /home/vs/.config/discord/0.0.42/modules/pending/discord_desktop_core-1.zip: 28%
2024-02-02T13:41:57.970Z [Modules] Streaming discord_desktop_core@1 to /home/vs/.config/discord/0.0.42/modules/pending/discord_desktop_core-1.zip: 29%
2024-02-02T13:41:57.973Z [Modules] Streaming discord_desktop_core@1 to /home/vs/.config/discord/0.0.42/modules/pending/discord_desktop_core-1.zip: 30%
2024-02-02T13:41:57.977Z [Modules] Streaming discord_desktop_core@1 to /home/vs/.config/discord/0.0.42/modules/pending/discord_desktop_core-1.zip: 31%
2024-02-02T13:41:57.993Z [Modules] Streaming discord_desktop_core@1 to /home/vs/.config/discord/0.0.42/modules/pending/discord_desktop_core-1.zip: 33%
2024-02-02T13:41:57.997Z [Modules] Streaming discord_desktop_core@1 to /home/vs/.config/discord/0.0.42/modules/pending/discord_desktop_core-1.zip: 34%
2024-02-02T13:41:58.009Z [Modules] Streaming discord_desktop_core@1 to /home/vs/.config/discord/0.0.42/modules/pending/discord_desktop_core-1.zip: 35%
2024-02-02T13:41:58.013Z [Modules] Streaming discord_desktop_core@1 to /home/vs/.config/discord/0.0.42/modules/pending/discord_desktop_core-1.zip: 36%
2024-02-02T13:41:58.019Z [Modules] Streaming discord_desktop_core@1 to /home/vs/.config/discord/0.0.42/modules/pending/discord_desktop_core-1.zip: 37%
2024-02-02T13:41:58.035Z [Modules] Streaming discord_desktop_core@1 to /home/vs/.config/discord/0.0.42/modules/pending/discord_desktop_core-1.zip: 38%
2024-02-02T13:41:58.039Z [Modules] Streaming discord_desktop_core@1 to /home/vs/.config/discord/0.0.42/modules/pending/discord_desktop_core-1.zip: 39%
2024-02-02T13:41:58.043Z [Modules] Streaming discord_desktop_core@1 to /home/vs/.config/discord/0.0.42/modules/pending/discord_desktop_core-1.zip: 40%
2024-02-02T13:41:58.051Z [Modules] Streaming discord_desktop_core@1 to /home/vs/.config/discord/0.0.42/modules/pending/discord_desktop_core-1.zip: 41%
2024-02-02T13:41:58.057Z [Modules] Streaming discord_desktop_core@1 to /home/vs/.config/discord/0.0.42/modules/pending/discord_desktop_core-1.zip: 42%
2024-02-02T13:41:58.060Z [Modules] Streaming discord_desktop_core@1 to /home/vs/.config/discord/0.0.42/modules/pending/discord_desktop_core-1.zip: 43%
2024-02-02T13:41:58.073Z [Modules] Streaming discord_desktop_core@1 to /home/vs/.config/discord/0.0.42/modules/pending/discord_desktop_core-1.zip: 45%
2024-02-02T13:41:58.078Z [Modules] Streaming discord_desktop_core@1 to /home/vs/.config/discord/0.0.42/modules/pending/discord_desktop_core-1.zip: 46%
2024-02-02T13:41:58.081Z [Modules] Streaming discord_desktop_core@1 to /home/vs/.config/discord/0.0.42/modules/pending/discord_desktop_core-1.zip: 47%
2024-02-02T13:41:58.085Z [Modules] Streaming discord_desktop_core@1 to /home/vs/.config/discord/0.0.42/modules/pending/discord_desktop_core-1.zip: 48%
2024-02-02T13:41:58.091Z [Modules] Streaming discord_desktop_core@1 to /home/vs/.config/discord/0.0.42/modules/pending/discord_desktop_core-1.zip: 49%
2024-02-02T13:41:58.095Z [Modules] Streaming discord_desktop_core@1 to /home/vs/.config/discord/0.0.42/modules/pending/discord_desktop_core-1.zip: 50%
2024-02-02T13:41:58.098Z [Modules] Streaming discord_desktop_core@1 to /home/vs/.config/discord/0.0.42/modules/pending/discord_desktop_core-1.zip: 51%
2024-02-02T13:41:58.106Z [Modules] Streaming discord_desktop_core@1 to /home/vs/.config/discord/0.0.42/modules/pending/discord_desktop_core-1.zip: 52%
2024-02-02T13:41:58.108Z [Modules] Streaming discord_desktop_core@1 to /home/vs/.config/discord/0.0.42/modules/pending/discord_desktop_core-1.zip: 53%
2024-02-02T13:41:58.111Z [Modules] Streaming discord_desktop_core@1 to /home/vs/.config/discord/0.0.42/modules/pending/discord_desktop_core-1.zip: 54%
2024-02-02T13:41:58.117Z [Modules] Streaming discord_desktop_core@1 to /home/vs/.config/discord/0.0.42/modules/pending/discord_desktop_core-1.zip: 55%
2024-02-02T13:41:58.122Z [Modules] Streaming discord_desktop_core@1 to /home/vs/.config/discord/0.0.42/modules/pending/discord_desktop_core-1.zip: 57%
2024-02-02T13:41:58.128Z [Modules] Streaming discord_desktop_core@1 to /home/vs/.config/discord/0.0.42/modules/pending/discord_desktop_core-1.zip: 58%
2024-02-02T13:41:58.130Z [Modules] Streaming discord_desktop_core@1 to /home/vs/.config/discord/0.0.42/modules/pending/discord_desktop_core-1.zip: 59%
2024-02-02T13:41:58.134Z [Modules] Streaming discord_desktop_core@1 to /home/vs/.config/discord/0.0.42/modules/pending/discord_desktop_core-1.zip: 60%
2024-02-02T13:41:58.138Z [Modules] Streaming discord_desktop_core@1 to /home/vs/.config/discord/0.0.42/modules/pending/discord_desktop_core-1.zip: 61%
2024-02-02T13:41:58.141Z [Modules] Streaming discord_desktop_core@1 to /home/vs/.config/discord/0.0.42/modules/pending/discord_desktop_core-1.zip: 62%
2024-02-02T13:41:58.147Z [Modules] Streaming discord_desktop_core@1 to /home/vs/.config/discord/0.0.42/modules/pending/discord_desktop_core-1.zip: 63%
2024-02-02T13:41:58.149Z [Modules] Streaming discord_desktop_core@1 to /home/vs/.config/discord/0.0.42/modules/pending/discord_desktop_core-1.zip: 64%
2024-02-02T13:41:58.154Z [Modules] Streaming discord_desktop_core@1 to /home/vs/.config/discord/0.0.42/modules/pending/discord_desktop_core-1.zip: 66%
2024-02-02T13:41:58.158Z [Modules] Streaming discord_desktop_core@1 to /home/vs/.config/discord/0.0.42/modules/pending/discord_desktop_core-1.zip: 67%
2024-02-02T13:41:58.161Z [Modules] Streaming discord_desktop_core@1 to /home/vs/.config/discord/0.0.42/modules/pending/discord_desktop_core-1.zip: 68%
2024-02-02T13:41:58.164Z [Modules] Streaming discord_desktop_core@1 to /home/vs/.config/discord/0.0.42/modules/pending/discord_desktop_core-1.zip: 69%
2024-02-02T13:41:58.171Z [Modules] Streaming discord_desktop_core@1 to /home/vs/.config/discord/0.0.42/modules/pending/discord_desktop_core-1.zip: 71%
2024-02-02T13:41:58.176Z [Modules] Streaming discord_desktop_core@1 to /home/vs/.config/discord/0.0.42/modules/pending/discord_desktop_core-1.zip: 72%
2024-02-02T13:41:58.180Z [Modules] Streaming discord_desktop_core@1 to /home/vs/.config/discord/0.0.42/modules/pending/discord_desktop_core-1.zip: 74%
2024-02-02T13:41:58.189Z [Modules] Streaming discord_desktop_core@1 to /home/vs/.config/discord/0.0.42/modules/pending/discord_desktop_core-1.zip: 75%
2024-02-02T13:41:58.195Z [Modules] Streaming discord_desktop_core@1 to /home/vs/.config/discord/0.0.42/modules/pending/discord_desktop_core-1.zip: 77%
2024-02-02T13:41:58.199Z [Modules] Streaming discord_desktop_core@1 to /home/vs/.config/discord/0.0.42/modules/pending/discord_desktop_core-1.zip: 79%
2024-02-02T13:41:58.206Z [Modules] Streaming discord_desktop_core@1 to /home/vs/.config/discord/0.0.42/modules/pending/discord_desktop_core-1.zip: 81%
2024-02-02T13:41:58.208Z [Modules] Streaming discord_desktop_core@1 to /home/vs/.config/discord/0.0.42/modules/pending/discord_desktop_core-1.zip: 82%
2024-02-02T13:41:58.210Z [Modules] Streaming discord_desktop_core@1 to /home/vs/.config/discord/0.0.42/modules/pending/discord_desktop_core-1.zip: 83%
2024-02-02T13:41:58.213Z [Modules] Streaming discord_desktop_core@1 to /home/vs/.config/discord/0.0.42/modules/pending/discord_desktop_core-1.zip: 84%
2024-02-02T13:41:58.219Z [Modules] Streaming discord_desktop_core@1 to /home/vs/.config/discord/0.0.42/modules/pending/discord_desktop_core-1.zip: 85%
2024-02-02T13:41:58.223Z [Modules] Streaming discord_desktop_core@1 to /home/vs/.config/discord/0.0.42/modules/pending/discord_desktop_core-1.zip: 87%
2024-02-02T13:41:58.225Z [Modules] Streaming discord_desktop_core@1 to /home/vs/.config/discord/0.0.42/modules/pending/discord_desktop_core-1.zip: 88%
2024-02-02T13:41:58.230Z [Modules] Streaming discord_desktop_core@1 to /home/vs/.config/discord/0.0.42/modules/pending/discord_desktop_core-1.zip: 89%
2024-02-02T13:41:58.236Z [Modules] Streaming discord_desktop_core@1 to /home/vs/.config/discord/0.0.42/modules/pending/discord_desktop_core-1.zip: 91%
2024-02-02T13:41:58.240Z [Modules] Streaming discord_desktop_core@1 to /home/vs/.config/discord/0.0.42/modules/pending/discord_desktop_core-1.zip: 92%
2024-02-02T13:41:58.242Z [Modules] Streaming discord_desktop_core@1 to /home/vs/.config/discord/0.0.42/modules/pending/discord_desktop_core-1.zip: 94%
2024-02-02T13:41:58.245Z [Modules] Streaming discord_desktop_core@1 to /home/vs/.config/discord/0.0.42/modules/pending/discord_desktop_core-1.zip: 95%
2024-02-02T13:41:58.250Z [Modules] Streaming discord_desktop_core@1 to /home/vs/.config/discord/0.0.42/modules/pending/discord_desktop_core-1.zip: 96%
2024-02-02T13:41:58.256Z [Modules] Streaming discord_desktop_core@1 to /home/vs/.config/discord/0.0.42/modules/pending/discord_desktop_core-1.zip: 100%
2024-02-02T13:41:58.261Z [Modules] Fetching discord_erlpack@1 from https://discord.com/api/modules/stable/discord_erlpack/1
2024-02-02T13:41:58.261Z [Modules] Streaming discord_erlpack@1 to /home/vs/.config/discord/0.0.42/modules/pending/discord_erlpack-1.zip
2024-02-02T13:41:58.936Z [Modules] Streaming discord_erlpack@1 to /home/vs/.config/discord/0.0.42/modules/pending/discord_erlpack-1.zip: 2%
2024-02-02T13:41:58.939Z [Modules] Streaming discord_erlpack@1 to /home/vs/.config/discord/0.0.42/modules/pending/discord_erlpack-1.zip: 4%
2024-02-02T13:41:59.100Z [Modules] Streaming discord_erlpack@1 to /home/vs/.config/discord/0.0.42/modules/pending/discord_erlpack-1.zip: 5%
2024-02-02T13:41:59.103Z [Modules] Streaming discord_erlpack@1 to /home/vs/.config/discord/0.0.42/modules/pending/discord_erlpack-1.zip: 7%
2024-02-02T13:41:59.106Z [Modules] Streaming discord_erlpack@1 to /home/vs/.config/discord/0.0.42/modules/pending/discord_erlpack-1.zip: 10%
2024-02-02T13:41:59.109Z [Modules] Streaming discord_erlpack@1 to /home/vs/.config/discord/0.0.42/modules/pending/discord_erlpack-1.zip: 13%
2024-02-02T13:41:59.112Z [Modules] Streaming discord_erlpack@1 to /home/vs/.config/discord/0.0.42/modules/pending/discord_erlpack-1.zip: 15%
2024-02-02T13:41:59.115Z [Modules] Streaming discord_erlpack@1 to /home/vs/.config/discord/0.0.42/modules/pending/discord_erlpack-1.zip: 17%
2024-02-02T13:41:59.124Z [Modules] Streaming discord_erlpack@1 to /home/vs/.config/discord/0.0.42/modules/pending/discord_erlpack-1.zip: 20%
2024-02-02T13:41:59.126Z [Modules] Streaming discord_erlpack@1 to /home/vs/.config/discord/0.0.42/modules/pending/discord_erlpack-1.zip: 23%
2024-02-02T13:41:59.130Z [Modules] Streaming discord_erlpack@1 to /home/vs/.config/discord/0.0.42/modules/pending/discord_erlpack-1.zip: 24%
2024-02-02T13:41:59.133Z [Modules] Streaming discord_erlpack@1 to /home/vs/.config/discord/0.0.42/modules/pending/discord_erlpack-1.zip: 28%
2024-02-02T13:41:59.137Z [Modules] Streaming discord_erlpack@1 to /home/vs/.config/discord/0.0.42/modules/pending/discord_erlpack-1.zip: 35%
2024-02-02T13:41:59.141Z [Modules] Streaming discord_erlpack@1 to /home/vs/.config/discord/0.0.42/modules/pending/discord_erlpack-1.zip: 49%
2024-02-02T13:41:59.144Z [Modules] Streaming discord_erlpack@1 to /home/vs/.config/discord/0.0.42/modules/pending/discord_erlpack-1.zip: 63%
2024-02-02T13:41:59.148Z [Modules] Streaming discord_erlpack@1 to /home/vs/.config/discord/0.0.42/modules/pending/discord_erlpack-1.zip: 83%
2024-02-02T13:41:59.153Z [Modules] Streaming discord_erlpack@1 to /home/vs/.config/discord/0.0.42/modules/pending/discord_erlpack-1.zip: 100%
2024-02-02T13:41:59.159Z [Modules] Fetching discord_spellcheck@1 from https://discord.com/api/modules/stable/discord_spellcheck/1
2024-02-02T13:41:59.160Z [Modules] Streaming discord_spellcheck@1 to /home/vs/.config/discord/0.0.42/modules/pending/discord_spellcheck-1.zip
2024-02-02T13:41:59.761Z [Modules] Streaming discord_spellcheck@1 to /home/vs/.config/discord/0.0.42/modules/pending/discord_spellcheck-1.zip: 1%
2024-02-02T13:41:59.774Z [Modules] Streaming discord_spellcheck@1 to /home/vs/.config/discord/0.0.42/modules/pending/discord_spellcheck-1.zip: 2%
2024-02-02T13:41:59.778Z [Modules] Streaming discord_spellcheck@1 to /home/vs/.config/discord/0.0.42/modules/pending/discord_spellcheck-1.zip: 3%
2024-02-02T13:41:59.785Z [Modules] Streaming discord_spellcheck@1 to /home/vs/.config/discord/0.0.42/modules/pending/discord_spellcheck-1.zip: 4%
2024-02-02T13:41:59.790Z [Modules] Streaming discord_spellcheck@1 to /home/vs/.config/discord/0.0.42/modules/pending/discord_spellcheck-1.zip: 5%
2024-02-02T13:41:59.798Z [Modules] Streaming discord_spellcheck@1 to /home/vs/.config/discord/0.0.42/modules/pending/discord_spellcheck-1.zip: 6%
2024-02-02T13:41:59.804Z [Modules] Streaming discord_spellcheck@1 to /home/vs/.config/discord/0.0.42/modules/pending/discord_spellcheck-1.zip: 7%
2024-02-02T13:41:59.823Z [Modules] Streaming discord_spellcheck@1 to /home/vs/.config/discord/0.0.42/modules/pending/discord_spellcheck-1.zip: 8%
2024-02-02T13:41:59.826Z [Modules] Streaming discord_spellcheck@1 to /home/vs/.config/discord/0.0.42/modules/pending/discord_spellcheck-1.zip: 9%
2024-02-02T13:41:59.833Z [Modules] Streaming discord_spellcheck@1 to /home/vs/.config/discord/0.0.42/modules/pending/discord_spellcheck-1.zip: 10%
2024-02-02T13:41:59.842Z [Modules] Streaming discord_spellcheck@1 to /home/vs/.config/discord/0.0.42/modules/pending/discord_spellcheck-1.zip: 11%
2024-02-02T13:41:59.846Z [Modules] Streaming discord_spellcheck@1 to /home/vs/.config/discord/0.0.42/modules/pending/discord_spellcheck-1.zip: 12%
2024-02-02T13:41:59.858Z [Modules] Streaming discord_spellcheck@1 to /home/vs/.config/discord/0.0.42/modules/pending/discord_spellcheck-1.zip: 13%
2024-02-02T13:41:59.863Z [Modules] Streaming discord_spellcheck@1 to /home/vs/.config/discord/0.0.42/modules/pending/discord_spellcheck-1.zip: 14%
2024-02-02T13:41:59.868Z [Modules] Streaming discord_spellcheck@1 to /home/vs/.config/discord/0.0.42/modules/pending/discord_spellcheck-1.zip: 15%
2024-02-02T13:41:59.874Z [Modules] Streaming discord_spellcheck@1 to /home/vs/.config/discord/0.0.42/modules/pending/discord_spellcheck-1.zip: 16%
2024-02-02T13:41:59.882Z [Modules] Streaming discord_spellcheck@1 to /home/vs/.config/discord/0.0.42/modules/pending/discord_spellcheck-1.zip: 17%
2024-02-02T13:41:59.888Z [Modules] Streaming discord_spellcheck@1 to /home/vs/.config/discord/0.0.42/modules/pending/discord_spellcheck-1.zip: 18%
2024-02-02T13:41:59.894Z [Modules] Streaming discord_spellcheck@1 to /home/vs/.config/discord/0.0.42/modules/pending/discord_spellcheck-1.zip: 19%
2024-02-02T13:41:59.928Z [Modules] Streaming discord_spellcheck@1 to /home/vs/.config/discord/0.0.42/modules/pending/discord_spellcheck-1.zip: 20%
2024-02-02T13:41:59.933Z [Modules] Streaming discord_spellcheck@1 to /home/vs/.config/discord/0.0.42/modules/pending/discord_spellcheck-1.zip: 21%
2024-02-02T13:41:59.939Z [Modules] Streaming discord_spellcheck@1 to /home/vs/.config/discord/0.0.42/modules/pending/discord_spellcheck-1.zip: 22%
2024-02-02T13:41:59.946Z [Modules] Streaming discord_spellcheck@1 to /home/vs/.config/discord/0.0.42/modules/pending/discord_spellcheck-1.zip: 23%
2024-02-02T13:41:59.951Z [Modules] Streaming discord_spellcheck@1 to /home/vs/.config/discord/0.0.42/modules/pending/discord_spellcheck-1.zip: 24%
2024-02-02T13:41:59.956Z [Modules] Streaming discord_spellcheck@1 to /home/vs/.config/discord/0.0.42/modules/pending/discord_spellcheck-1.zip: 25%
2024-02-02T13:41:59.965Z [Modules] Streaming discord_spellcheck@1 to /home/vs/.config/discord/0.0.42/modules/pending/discord_spellcheck-1.zip: 26%
2024-02-02T13:41:59.974Z [Modules] Streaming discord_spellcheck@1 to /home/vs/.config/discord/0.0.42/modules/pending/discord_spellcheck-1.zip: 27%
2024-02-02T13:41:59.984Z [Modules] Streaming discord_spellcheck@1 to /home/vs/.config/discord/0.0.42/modules/pending/discord_spellcheck-1.zip: 28%
2024-02-02T13:41:59.990Z [Modules] Streaming discord_spellcheck@1 to /home/vs/.config/discord/0.0.42/modules/pending/discord_spellcheck-1.zip: 29%
2024-02-02T13:42:00.001Z [Modules] Streaming discord_spellcheck@1 to /home/vs/.config/discord/0.0.42/modules/pending/discord_spellcheck-1.zip: 30%
2024-02-02T13:42:00.010Z [Modules] Streaming discord_spellcheck@1 to /home/vs/.config/discord/0.0.42/modules/pending/discord_spellcheck-1.zip: 31%
2024-02-02T13:42:00.022Z [Modules] Streaming discord_spellcheck@1 to /home/vs/.config/discord/0.0.42/modules/pending/discord_spellcheck-1.zip: 32%
2024-02-02T13:42:00.026Z [Modules] Streaming discord_spellcheck@1 to /home/vs/.config/discord/0.0.42/modules/pending/discord_spellcheck-1.zip: 33%
2024-02-02T13:42:00.035Z [Modules] Streaming discord_spellcheck@1 to /home/vs/.config/discord/0.0.42/modules/pending/discord_spellcheck-1.zip: 34%
2024-02-02T13:42:00.039Z [Modules] Streaming discord_spellcheck@1 to /home/vs/.config/discord/0.0.42/modules/pending/discord_spellcheck-1.zip: 35%
2024-02-02T13:42:00.044Z [Modules] Streaming discord_spellcheck@1 to /home/vs/.config/discord/0.0.42/modules/pending/discord_spellcheck-1.zip: 36%
2024-02-02T13:42:00.052Z [Modules] Streaming discord_spellcheck@1 to /home/vs/.config/discord/0.0.42/modules/pending/discord_spellcheck-1.zip: 37%
2024-02-02T13:42:00.055Z [Modules] Streaming discord_spellcheck@1 to /home/vs/.config/discord/0.0.42/modules/pending/discord_spellcheck-1.zip: 38%
2024-02-02T13:42:00.081Z [Modules] Streaming discord_spellcheck@1 to /home/vs/.config/discord/0.0.42/modules/pending/discord_spellcheck-1.zip: 39%
2024-02-02T13:42:00.095Z [Modules] Streaming discord_spellcheck@1 to /home/vs/.config/discord/0.0.42/modules/pending/discord_spellcheck-1.zip: 40%
2024-02-02T13:42:00.100Z [Modules] Streaming discord_spellcheck@1 to /home/vs/.config/discord/0.0.42/modules/pending/discord_spellcheck-1.zip: 41%
2024-02-02T13:42:00.110Z [Modules] Streaming discord_spellcheck@1 to /home/vs/.config/discord/0.0.42/modules/pending/discord_spellcheck-1.zip: 42%
2024-02-02T13:42:00.117Z [Modules] Streaming discord_spellcheck@1 to /home/vs/.config/discord/0.0.42/modules/pending/discord_spellcheck-1.zip: 43%
2024-02-02T13:42:00.125Z [Modules] Streaming discord_spellcheck@1 to /home/vs/.config/discord/0.0.42/modules/pending/discord_spellcheck-1.zip: 44%
2024-02-02T13:42:00.132Z [Modules] Streaming discord_spellcheck@1 to /home/vs/.config/discord/0.0.42/modules/pending/discord_spellcheck-1.zip: 45%
2024-02-02T13:42:00.138Z [Modules] Streaming discord_spellcheck@1 to /home/vs/.config/discord/0.0.42/modules/pending/discord_spellcheck-1.zip: 46%
2024-02-02T13:42:00.143Z [Modules] Streaming discord_spellcheck@1 to /home/vs/.config/discord/0.0.42/modules/pending/discord_spellcheck-1.zip: 47%
2024-02-02T13:42:00.151Z [Modules] Streaming discord_spellcheck@1 to /home/vs/.config/discord/0.0.42/modules/pending/discord_spellcheck-1.zip: 48%
2024-02-02T13:42:00.157Z [Modules] Streaming discord_spellcheck@1 to /home/vs/.config/discord/0.0.42/modules/pending/discord_spellcheck-1.zip: 49%
2024-02-02T13:42:00.164Z [Modules] Streaming discord_spellcheck@1 to /home/vs/.config/discord/0.0.42/modules/pending/discord_spellcheck-1.zip: 50%
2024-02-02T13:42:00.176Z [Modules] Streaming discord_spellcheck@1 to /home/vs/.config/discord/0.0.42/modules/pending/discord_spellcheck-1.zip: 51%
2024-02-02T13:42:00.184Z [Modules] Streaming discord_spellcheck@1 to /home/vs/.config/discord/0.0.42/modules/pending/discord_spellcheck-1.zip: 52%
2024-02-02T13:42:00.192Z [Modules] Streaming discord_spellcheck@1 to /home/vs/.config/discord/0.0.42/modules/pending/discord_spellcheck-1.zip: 53%
2024-02-02T13:42:00.196Z [Modules] Streaming discord_spellcheck@1 to /home/vs/.config/discord/0.0.42/modules/pending/discord_spellcheck-1.zip: 54%
2024-02-02T13:42:00.200Z [Modules] Streaming discord_spellcheck@1 to /home/vs/.config/discord/0.0.42/modules/pending/discord_spellcheck-1.zip: 55%
2024-02-02T13:42:00.209Z [Modules] Streaming discord_spellcheck@1 to /home/vs/.config/discord/0.0.42/modules/pending/discord_spellcheck-1.zip: 56%
2024-02-02T13:42:00.215Z [Modules] Streaming discord_spellcheck@1 to /home/vs/.config/discord/0.0.42/modules/pending/discord_spellcheck-1.zip: 57%
2024-02-02T13:42:00.233Z [Modules] Streaming discord_spellcheck@1 to /home/vs/.config/discord/0.0.42/modules/pending/discord_spellcheck-1.zip: 58%
2024-02-02T13:42:00.255Z [Modules] Streaming discord_spellcheck@1 to /home/vs/.config/discord/0.0.42/modules/pending/discord_spellcheck-1.zip: 59%
2024-02-02T13:42:00.259Z [Modules] Streaming discord_spellcheck@1 to /home/vs/.config/discord/0.0.42/modules/pending/discord_spellcheck-1.zip: 60%
2024-02-02T13:42:00.264Z [Modules] Streaming discord_spellcheck@1 to /home/vs/.config/discord/0.0.42/modules/pending/discord_spellcheck-1.zip: 61%
2024-02-02T13:42:00.273Z [Modules] Streaming discord_spellcheck@1 to /home/vs/.config/discord/0.0.42/modules/pending/discord_spellcheck-1.zip: 62%
2024-02-02T13:42:00.283Z [Modules] Streaming discord_spellcheck@1 to /home/vs/.config/discord/0.0.42/modules/pending/discord_spellcheck-1.zip: 63%
2024-02-02T13:42:00.289Z [Modules] Streaming discord_spellcheck@1 to /home/vs/.config/discord/0.0.42/modules/pending/discord_spellcheck-1.zip: 64%
2024-02-02T13:42:00.296Z [Modules] Streaming discord_spellcheck@1 to /home/vs/.config/discord/0.0.42/modules/pending/discord_spellcheck-1.zip: 65%
2024-02-02T13:42:00.305Z [Modules] Streaming discord_spellcheck@1 to /home/vs/.config/discord/0.0.42/modules/pending/discord_spellcheck-1.zip: 66%
2024-02-02T13:42:00.309Z [Modules] Streaming discord_spellcheck@1 to /home/vs/.config/discord/0.0.42/modules/pending/discord_spellcheck-1.zip: 67%
2024-02-02T13:42:00.316Z [Modules] Streaming discord_spellcheck@1 to /home/vs/.config/discord/0.0.42/modules/pending/discord_spellcheck-1.zip: 68%
2024-02-02T13:42:00.327Z [Modules] Streaming discord_spellcheck@1 to /home/vs/.config/discord/0.0.42/modules/pending/discord_spellcheck-1.zip: 69%
2024-02-02T13:42:00.332Z [Modules] Streaming discord_spellcheck@1 to /home/vs/.config/discord/0.0.42/modules/pending/discord_spellcheck-1.zip: 70%
2024-02-02T13:42:00.339Z [Modules] Streaming discord_spellcheck@1 to /home/vs/.config/discord/0.0.42/modules/pending/discord_spellcheck-1.zip: 71%
2024-02-02T13:42:00.346Z [Modules] Streaming discord_spellcheck@1 to /home/vs/.config/discord/0.0.42/modules/pending/discord_spellcheck-1.zip: 72%
2024-02-02T13:42:00.358Z [Modules] Streaming discord_spellcheck@1 to /home/vs/.config/discord/0.0.42/modules/pending/discord_spellcheck-1.zip: 73%
2024-02-02T13:42:00.364Z [Modules] Streaming discord_spellcheck@1 to /home/vs/.config/discord/0.0.42/modules/pending/discord_spellcheck-1.zip: 74%
2024-02-02T13:42:00.369Z [Modules] Streaming discord_spellcheck@1 to /home/vs/.config/discord/0.0.42/modules/pending/discord_spellcheck-1.zip: 75%
2024-02-02T13:42:00.374Z [Modules] Streaming discord_spellcheck@1 to /home/vs/.config/discord/0.0.42/modules/pending/discord_spellcheck-1.zip: 76%
2024-02-02T13:42:00.379Z [Modules] Streaming discord_spellcheck@1 to /home/vs/.config/discord/0.0.42/modules/pending/discord_spellcheck-1.zip: 77%
2024-02-02T13:42:00.403Z [Modules] Streaming discord_spellcheck@1 to /home/vs/.config/discord/0.0.42/modules/pending/discord_spellcheck-1.zip: 78%
2024-02-02T13:42:00.417Z [Modules] Streaming discord_spellcheck@1 to /home/vs/.config/discord/0.0.42/modules/pending/discord_spellcheck-1.zip: 79%
2024-02-02T13:42:00.430Z [Modules] Streaming discord_spellcheck@1 to /home/vs/.config/discord/0.0.42/modules/pending/discord_spellcheck-1.zip: 80%
2024-02-02T13:42:00.434Z [Modules] Streaming discord_spellcheck@1 to /home/vs/.config/discord/0.0.42/modules/pending/discord_spellcheck-1.zip: 81%
2024-02-02T13:42:00.439Z [Modules] Streaming discord_spellcheck@1 to /home/vs/.config/discord/0.0.42/modules/pending/discord_spellcheck-1.zip: 82%
2024-02-02T13:42:00.458Z [Modules] Streaming discord_spellcheck@1 to /home/vs/.config/discord/0.0.42/modules/pending/discord_spellcheck-1.zip: 83%
2024-02-02T13:42:00.466Z [Modules] Streaming discord_spellcheck@1 to /home/vs/.config/discord/0.0.42/modules/pending/discord_spellcheck-1.zip: 84%
2024-02-02T13:42:00.473Z [Modules] Streaming discord_spellcheck@1 to /home/vs/.config/discord/0.0.42/modules/pending/discord_spellcheck-1.zip: 85%
2024-02-02T13:42:00.478Z [Modules] Streaming discord_spellcheck@1 to /home/vs/.config/discord/0.0.42/modules/pending/discord_spellcheck-1.zip: 86%
2024-02-02T13:42:00.484Z [Modules] Streaming discord_spellcheck@1 to /home/vs/.config/discord/0.0.42/modules/pending/discord_spellcheck-1.zip: 87%
2024-02-02T13:42:00.489Z [Modules] Streaming discord_spellcheck@1 to /home/vs/.config/discord/0.0.42/modules/pending/discord_spellcheck-1.zip: 88%
2024-02-02T13:42:00.495Z [Modules] Streaming discord_spellcheck@1 to /home/vs/.config/discord/0.0.42/modules/pending/discord_spellcheck-1.zip: 89%
2024-02-02T13:42:00.501Z [Modules] Streaming discord_spellcheck@1 to /home/vs/.config/discord/0.0.42/modules/pending/discord_spellcheck-1.zip: 90%
2024-02-02T13:42:00.507Z [Modules] Streaming discord_spellcheck@1 to /home/vs/.config/discord/0.0.42/modules/pending/discord_spellcheck-1.zip: 91%
2024-02-02T13:42:00.517Z [Modules] Streaming discord_spellcheck@1 to /home/vs/.config/discord/0.0.42/modules/pending/discord_spellcheck-1.zip: 92%
2024-02-02T13:42:00.523Z [Modules] Streaming discord_spellcheck@1 to /home/vs/.config/discord/0.0.42/modules/pending/discord_spellcheck-1.zip: 93%
2024-02-02T13:42:00.532Z [Modules] Streaming discord_spellcheck@1 to /home/vs/.config/discord/0.0.42/modules/pending/discord_spellcheck-1.zip: 94%
2024-02-02T13:42:00.539Z [Modules] Streaming discord_spellcheck@1 to /home/vs/.config/discord/0.0.42/modules/pending/discord_spellcheck-1.zip: 95%
2024-02-02T13:42:00.544Z [Modules] Streaming discord_spellcheck@1 to /home/vs/.config/discord/0.0.42/modules/pending/discord_spellcheck-1.zip: 96%
2024-02-02T13:42:00.555Z [Modules] Streaming discord_spellcheck@1 to /home/vs/.config/discord/0.0.42/modules/pending/discord_spellcheck-1.zip: 97%
2024-02-02T13:42:00.570Z [Modules] Streaming discord_spellcheck@1 to /home/vs/.config/discord/0.0.42/modules/pending/discord_spellcheck-1.zip: 98%
2024-02-02T13:42:00.581Z [Modules] Streaming discord_spellcheck@1 to /home/vs/.config/discord/0.0.42/modules/pending/discord_spellcheck-1.zip: 99%
2024-02-02T13:42:00.589Z [Modules] Streaming discord_spellcheck@1 to /home/vs/.config/discord/0.0.42/modules/pending/discord_spellcheck-1.zip: 100%
2024-02-02T13:42:00.595Z [Modules] Fetching discord_utils@1 from https://discord.com/api/modules/stable/discord_utils/1
2024-02-02T13:42:00.596Z [Modules] Streaming discord_utils@1 to /home/vs/.config/discord/0.0.42/modules/pending/discord_utils-1.zip
2024-02-02T13:42:01.210Z [Modules] Streaming discord_utils@1 to /home/vs/.config/discord/0.0.42/modules/pending/discord_utils-1.zip: 1%
2024-02-02T13:42:01.215Z [Modules] Streaming discord_utils@1 to /home/vs/.config/discord/0.0.42/modules/pending/discord_utils-1.zip: 3%
2024-02-02T13:42:01.216Z [Modules] Streaming discord_utils@1 to /home/vs/.config/discord/0.0.42/modules/pending/discord_utils-1.zip: 5%
2024-02-02T13:42:01.220Z [Modules] Streaming discord_utils@1 to /home/vs/.config/discord/0.0.42/modules/pending/discord_utils-1.zip: 6%
2024-02-02T13:42:01.222Z [Modules] Streaming discord_utils@1 to /home/vs/.config/discord/0.0.42/modules/pending/discord_utils-1.zip: 8%
2024-02-02T13:42:01.227Z [Modules] Streaming discord_utils@1 to /home/vs/.config/discord/0.0.42/modules/pending/discord_utils-1.zip: 9%
2024-02-02T13:42:01.228Z [Modules] Streaming discord_utils@1 to /home/vs/.config/discord/0.0.42/modules/pending/discord_utils-1.zip: 10%
2024-02-02T13:42:01.231Z [Modules] Streaming discord_utils@1 to /home/vs/.config/discord/0.0.42/modules/pending/discord_utils-1.zip: 13%
2024-02-02T13:42:01.233Z [Modules] Streaming discord_utils@1 to /home/vs/.config/discord/0.0.42/modules/pending/discord_utils-1.zip: 14%
2024-02-02T13:42:01.234Z [Modules] Streaming discord_utils@1 to /home/vs/.config/discord/0.0.42/modules/pending/discord_utils-1.zip: 15%
2024-02-02T13:42:01.238Z [Modules] Streaming discord_utils@1 to /home/vs/.config/discord/0.0.42/modules/pending/discord_utils-1.zip: 16%
2024-02-02T13:42:01.241Z [Modules] Streaming discord_utils@1 to /home/vs/.config/discord/0.0.42/modules/pending/discord_utils-1.zip: 17%
2024-02-02T13:42:01.243Z [Modules] Streaming discord_utils@1 to /home/vs/.config/discord/0.0.42/modules/pending/discord_utils-1.zip: 18%
2024-02-02T13:42:01.249Z [Modules] Streaming discord_utils@1 to /home/vs/.config/discord/0.0.42/modules/pending/discord_utils-1.zip: 20%
2024-02-02T13:42:01.251Z [Modules] Streaming discord_utils@1 to /home/vs/.config/discord/0.0.42/modules/pending/discord_utils-1.zip: 21%
2024-02-02T13:42:01.254Z [Modules] Streaming discord_utils@1 to /home/vs/.config/discord/0.0.42/modules/pending/discord_utils-1.zip: 22%
2024-02-02T13:42:01.257Z [Modules] Streaming discord_utils@1 to /home/vs/.config/discord/0.0.42/modules/pending/discord_utils-1.zip: 23%
2024-02-02T13:42:01.261Z [Modules] Streaming discord_utils@1 to /home/vs/.config/discord/0.0.42/modules/pending/discord_utils-1.zip: 25%
2024-02-02T13:42:01.266Z [Modules] Streaming discord_utils@1 to /home/vs/.config/discord/0.0.42/modules/pending/discord_utils-1.zip: 28%
2024-02-02T13:42:01.269Z [Modules] Streaming discord_utils@1 to /home/vs/.config/discord/0.0.42/modules/pending/discord_utils-1.zip: 30%
2024-02-02T13:42:01.271Z [Modules] Streaming discord_utils@1 to /home/vs/.config/discord/0.0.42/modules/pending/discord_utils-1.zip: 31%
2024-02-02T13:42:01.273Z [Modules] Streaming discord_utils@1 to /home/vs/.config/discord/0.0.42/modules/pending/discord_utils-1.zip: 32%
2024-02-02T13:42:01.276Z [Modules] Streaming discord_utils@1 to /home/vs/.config/discord/0.0.42/modules/pending/discord_utils-1.zip: 33%
2024-02-02T13:42:01.278Z [Modules] Streaming discord_utils@1 to /home/vs/.config/discord/0.0.42/modules/pending/discord_utils-1.zip: 36%
2024-02-02T13:42:01.282Z [Modules] Streaming discord_utils@1 to /home/vs/.config/discord/0.0.42/modules/pending/discord_utils-1.zip: 38%
2024-02-02T13:42:01.285Z [Modules] Streaming discord_utils@1 to /home/vs/.config/discord/0.0.42/modules/pending/discord_utils-1.zip: 39%
2024-02-02T13:42:01.287Z [Modules] Streaming discord_utils@1 to /home/vs/.config/discord/0.0.42/modules/pending/discord_utils-1.zip: 41%
2024-02-02T13:42:01.289Z [Modules] Streaming discord_utils@1 to /home/vs/.config/discord/0.0.42/modules/pending/discord_utils-1.zip: 43%
2024-02-02T13:42:01.293Z [Modules] Streaming discord_utils@1 to /home/vs/.config/discord/0.0.42/modules/pending/discord_utils-1.zip: 44%
2024-02-02T13:42:01.297Z [Modules] Streaming discord_utils@1 to /home/vs/.config/discord/0.0.42/modules/pending/discord_utils-1.zip: 45%
2024-02-02T13:42:01.299Z [Modules] Streaming discord_utils@1 to /home/vs/.config/discord/0.0.42/modules/pending/discord_utils-1.zip: 47%
2024-02-02T13:42:01.301Z [Modules] Streaming discord_utils@1 to /home/vs/.config/discord/0.0.42/modules/pending/discord_utils-1.zip: 48%
2024-02-02T13:42:01.303Z [Modules] Streaming discord_utils@1 to /home/vs/.config/discord/0.0.42/modules/pending/discord_utils-1.zip: 50%
2024-02-02T13:42:01.306Z [Modules] Streaming discord_utils@1 to /home/vs/.config/discord/0.0.42/modules/pending/discord_utils-1.zip: 52%
2024-02-02T13:42:01.309Z [Modules] Streaming discord_utils@1 to /home/vs/.config/discord/0.0.42/modules/pending/discord_utils-1.zip: 53%
2024-02-02T13:42:01.311Z [Modules] Streaming discord_utils@1 to /home/vs/.config/discord/0.0.42/modules/pending/discord_utils-1.zip: 54%
2024-02-02T13:42:01.314Z [Modules] Streaming discord_utils@1 to /home/vs/.config/discord/0.0.42/modules/pending/discord_utils-1.zip: 56%
2024-02-02T13:42:01.317Z [Modules] Streaming discord_utils@1 to /home/vs/.config/discord/0.0.42/modules/pending/discord_utils-1.zip: 57%
2024-02-02T13:42:01.320Z [Modules] Streaming discord_utils@1 to /home/vs/.config/discord/0.0.42/modules/pending/discord_utils-1.zip: 58%
2024-02-02T13:42:01.322Z [Modules] Streaming discord_utils@1 to /home/vs/.config/discord/0.0.42/modules/pending/discord_utils-1.zip: 59%
2024-02-02T13:42:01.325Z [Modules] Streaming discord_utils@1 to /home/vs/.config/discord/0.0.42/modules/pending/discord_utils-1.zip: 61%
2024-02-02T13:42:01.327Z [Modules] Streaming discord_utils@1 to /home/vs/.config/discord/0.0.42/modules/pending/discord_utils-1.zip: 62%
2024-02-02T13:42:01.330Z [Modules] Streaming discord_utils@1 to /home/vs/.config/discord/0.0.42/modules/pending/discord_utils-1.zip: 63%
2024-02-02T13:42:01.370Z [Modules] Streaming discord_utils@1 to /home/vs/.config/discord/0.0.42/modules/pending/discord_utils-1.zip: 64%
2024-02-02T13:42:01.375Z [Modules] Streaming discord_utils@1 to /home/vs/.config/discord/0.0.42/modules/pending/discord_utils-1.zip: 65%
2024-02-02T13:42:01.378Z [Modules] Streaming discord_utils@1 to /home/vs/.config/discord/0.0.42/modules/pending/discord_utils-1.zip: 66%
2024-02-02T13:42:01.381Z [Modules] Streaming discord_utils@1 to /home/vs/.config/discord/0.0.42/modules/pending/discord_utils-1.zip: 67%
2024-02-02T13:42:01.384Z [Modules] Streaming discord_utils@1 to /home/vs/.config/discord/0.0.42/modules/pending/discord_utils-1.zip: 68%
2024-02-02T13:42:01.386Z [Modules] Streaming discord_utils@1 to /home/vs/.config/discord/0.0.42/modules/pending/discord_utils-1.zip: 70%
2024-02-02T13:42:01.389Z [Modules] Streaming discord_utils@1 to /home/vs/.config/discord/0.0.42/modules/pending/discord_utils-1.zip: 72%
2024-02-02T13:42:01.391Z [Modules] Streaming discord_utils@1 to /home/vs/.config/discord/0.0.42/modules/pending/discord_utils-1.zip: 73%
2024-02-02T13:42:01.394Z [Modules] Streaming discord_utils@1 to /home/vs/.config/discord/0.0.42/modules/pending/discord_utils-1.zip: 74%
2024-02-02T13:42:01.397Z [Modules] Streaming discord_utils@1 to /home/vs/.config/discord/0.0.42/modules/pending/discord_utils-1.zip: 76%
2024-02-02T13:42:01.402Z [Modules] Streaming discord_utils@1 to /home/vs/.config/discord/0.0.42/modules/pending/discord_utils-1.zip: 77%
2024-02-02T13:42:01.405Z [Modules] Streaming discord_utils@1 to /home/vs/.config/discord/0.0.42/modules/pending/discord_utils-1.zip: 78%
2024-02-02T13:42:01.408Z [Modules] Streaming discord_utils@1 to /home/vs/.config/discord/0.0.42/modules/pending/discord_utils-1.zip: 80%
2024-02-02T13:42:01.410Z [Modules] Streaming discord_utils@1 to /home/vs/.config/discord/0.0.42/modules/pending/discord_utils-1.zip: 81%
2024-02-02T13:42:01.412Z [Modules] Streaming discord_utils@1 to /home/vs/.config/discord/0.0.42/modules/pending/discord_utils-1.zip: 83%
2024-02-02T13:42:01.416Z [Modules] Streaming discord_utils@1 to /home/vs/.config/discord/0.0.42/modules/pending/discord_utils-1.zip: 85%
2024-02-02T13:42:01.419Z [Modules] Streaming discord_utils@1 to /home/vs/.config/discord/0.0.42/modules/pending/discord_utils-1.zip: 86%
2024-02-02T13:42:01.422Z [Modules] Streaming discord_utils@1 to /home/vs/.config/discord/0.0.42/modules/pending/discord_utils-1.zip: 87%
2024-02-02T13:42:01.425Z [Modules] Streaming discord_utils@1 to /home/vs/.config/discord/0.0.42/modules/pending/discord_utils-1.zip: 88%
2024-02-02T13:42:01.427Z [Modules] Streaming discord_utils@1 to /home/vs/.config/discord/0.0.42/modules/pending/discord_utils-1.zip: 90%
2024-02-02T13:42:01.430Z [Modules] Streaming discord_utils@1 to /home/vs/.config/discord/0.0.42/modules/pending/discord_utils-1.zip: 91%
2024-02-02T13:42:01.432Z [Modules] Streaming discord_utils@1 to /home/vs/.config/discord/0.0.42/modules/pending/discord_utils-1.zip: 93%
2024-02-02T13:42:01.434Z [Modules] Streaming discord_utils@1 to /home/vs/.config/discord/0.0.42/modules/pending/discord_utils-1.zip: 94%
2024-02-02T13:42:01.437Z [Modules] Streaming discord_utils@1 to /home/vs/.config/discord/0.0.42/modules/pending/discord_utils-1.zip: 95%
2024-02-02T13:42:01.440Z [Modules] Streaming discord_utils@1 to /home/vs/.config/discord/0.0.42/modules/pending/discord_utils-1.zip: 97%
2024-02-02T13:42:01.444Z [Modules] Streaming discord_utils@1 to /home/vs/.config/discord/0.0.42/modules/pending/discord_utils-1.zip: 98%
2024-02-02T13:42:01.447Z [Modules] Streaming discord_utils@1 to /home/vs/.config/discord/0.0.42/modules/pending/discord_utils-1.zip: 100%
2024-02-02T13:42:01.449Z [Modules] Fetching discord_voice@1 from https://discord.com/api/modules/stable/discord_voice/1
2024-02-02T13:42:01.449Z [Modules] Streaming discord_voice@1 to /home/vs/.config/discord/0.0.42/modules/pending/discord_voice-1.zip
2024-02-02T13:42:02.086Z [Modules] Streaming discord_voice@1 to /home/vs/.config/discord/0.0.42/modules/pending/discord_voice-1.zip: 1%
2024-02-02T13:42:02.103Z [Modules] Streaming discord_voice@1 to /home/vs/.config/discord/0.0.42/modules/pending/discord_voice-1.zip: 2%
2024-02-02T13:42:02.117Z [Modules] Streaming discord_voice@1 to /home/vs/.config/discord/0.0.42/modules/pending/discord_voice-1.zip: 3%
2024-02-02T13:42:02.133Z [Modules] Streaming discord_voice@1 to /home/vs/.config/discord/0.0.42/modules/pending/discord_voice-1.zip: 4%
2024-02-02T13:42:02.149Z [Modules] Streaming discord_voice@1 to /home/vs/.config/discord/0.0.42/modules/pending/discord_voice-1.zip: 5%
2024-02-02T13:42:02.179Z [Modules] Streaming discord_voice@1 to /home/vs/.config/discord/0.0.42/modules/pending/discord_voice-1.zip: 6%
2024-02-02T13:42:02.198Z [Modules] Streaming discord_voice@1 to /home/vs/.config/discord/0.0.42/modules/pending/discord_voice-1.zip: 7%
2024-02-02T13:42:02.239Z [Modules] Streaming discord_voice@1 to /home/vs/.config/discord/0.0.42/modules/pending/discord_voice-1.zip: 8%
2024-02-02T13:42:02.255Z [Modules] Streaming discord_voice@1 to /home/vs/.config/discord/0.0.42/modules/pending/discord_voice-1.zip: 9%
2024-02-02T13:42:02.283Z [Modules] Streaming discord_voice@1 to /home/vs/.config/discord/0.0.42/modules/pending/discord_voice-1.zip: 10%
2024-02-02T13:42:02.299Z [Modules] Streaming discord_voice@1 to /home/vs/.config/discord/0.0.42/modules/pending/discord_voice-1.zip: 11%
2024-02-02T13:42:02.315Z [Modules] Streaming discord_voice@1 to /home/vs/.config/discord/0.0.42/modules/pending/discord_voice-1.zip: 12%
2024-02-02T13:42:02.331Z [Modules] Streaming discord_voice@1 to /home/vs/.config/discord/0.0.42/modules/pending/discord_voice-1.zip: 13%
2024-02-02T13:42:02.350Z [Modules] Streaming discord_voice@1 to /home/vs/.config/discord/0.0.42/modules/pending/discord_voice-1.zip: 14%
2024-02-02T13:42:02.389Z [Modules] Streaming discord_voice@1 to /home/vs/.config/discord/0.0.42/modules/pending/discord_voice-1.zip: 15%
2024-02-02T13:42:02.409Z [Modules] Streaming discord_voice@1 to /home/vs/.config/discord/0.0.42/modules/pending/discord_voice-1.zip: 16%
2024-02-02T13:42:02.439Z [Modules] Streaming discord_voice@1 to /home/vs/.config/discord/0.0.42/modules/pending/discord_voice-1.zip: 17%
2024-02-02T13:42:02.456Z [Modules] Streaming discord_voice@1 to /home/vs/.config/discord/0.0.42/modules/pending/discord_voice-1.zip: 18%
2024-02-02T13:42:02.473Z [Modules] Streaming discord_voice@1 to /home/vs/.config/discord/0.0.42/modules/pending/discord_voice-1.zip: 19%
2024-02-02T13:42:02.499Z [Modules] Streaming discord_voice@1 to /home/vs/.config/discord/0.0.42/modules/pending/discord_voice-1.zip: 20%
2024-02-02T13:42:02.515Z [Modules] Streaming discord_voice@1 to /home/vs/.config/discord/0.0.42/modules/pending/discord_voice-1.zip: 21%
2024-02-02T13:42:02.532Z [Modules] Streaming discord_voice@1 to /home/vs/.config/discord/0.0.42/modules/pending/discord_voice-1.zip: 22%
2024-02-02T13:42:02.562Z [Modules] Streaming discord_voice@1 to /home/vs/.config/discord/0.0.42/modules/pending/discord_voice-1.zip: 23%
2024-02-02T13:42:02.582Z [Modules] Streaming discord_voice@1 to /home/vs/.config/discord/0.0.42/modules/pending/discord_voice-1.zip: 24%
2024-02-02T13:42:02.612Z [Modules] Streaming discord_voice@1 to /home/vs/.config/discord/0.0.42/modules/pending/discord_voice-1.zip: 25%
2024-02-02T13:42:02.627Z [Modules] Streaming discord_voice@1 to /home/vs/.config/discord/0.0.42/modules/pending/discord_voice-1.zip: 26%
2024-02-02T13:42:02.654Z [Modules] Streaming discord_voice@1 to /home/vs/.config/discord/0.0.42/modules/pending/discord_voice-1.zip: 27%
2024-02-02T13:42:02.669Z [Modules] Streaming discord_voice@1 to /home/vs/.config/discord/0.0.42/modules/pending/discord_voice-1.zip: 28%
2024-02-02T13:42:02.690Z [Modules] Streaming discord_voice@1 to /home/vs/.config/discord/0.0.42/modules/pending/discord_voice-1.zip: 29%
2024-02-02T13:42:02.710Z [Modules] Streaming discord_voice@1 to /home/vs/.config/discord/0.0.42/modules/pending/discord_voice-1.zip: 30%
2024-02-02T13:42:02.958Z [Modules] Streaming discord_voice@1 to /home/vs/.config/discord/0.0.42/modules/pending/discord_voice-1.zip: 31%
2024-02-02T13:42:03.017Z [Modules] Streaming discord_voice@1 to /home/vs/.config/discord/0.0.42/modules/pending/discord_voice-1.zip: 32%
2024-02-02T13:42:03.018Z [Modules] Streaming discord_voice@1 to /home/vs/.config/discord/0.0.42/modules/pending/discord_voice-1.zip: 33%
2024-02-02T13:42:03.020Z [Modules] Streaming discord_voice@1 to /home/vs/.config/discord/0.0.42/modules/pending/discord_voice-1.zip: 34%
2024-02-02T13:42:03.022Z [Modules] Streaming discord_voice@1 to /home/vs/.config/discord/0.0.42/modules/pending/discord_voice-1.zip: 36%
2024-02-02T13:42:03.024Z [Modules] Streaming discord_voice@1 to /home/vs/.config/discord/0.0.42/modules/pending/discord_voice-1.zip: 38%
2024-02-02T13:42:03.240Z [Modules] Streaming discord_voice@1 to /home/vs/.config/discord/0.0.42/modules/pending/discord_voice-1.zip: 39%
2024-02-02T13:42:03.260Z [Modules] Streaming discord_voice@1 to /home/vs/.config/discord/0.0.42/modules/pending/discord_voice-1.zip: 40%
2024-02-02T13:42:03.275Z [Modules] Streaming discord_voice@1 to /home/vs/.config/discord/0.0.42/modules/pending/discord_voice-1.zip: 41%
2024-02-02T13:42:03.296Z [Modules] Streaming discord_voice@1 to /home/vs/.config/discord/0.0.42/modules/pending/discord_voice-1.zip: 42%
2024-02-02T13:42:03.311Z [Modules] Streaming discord_voice@1 to /home/vs/.config/discord/0.0.42/modules/pending/discord_voice-1.zip: 43%
2024-02-02T13:42:03.343Z [Modules] Streaming discord_voice@1 to /home/vs/.config/discord/0.0.42/modules/pending/discord_voice-1.zip: 44%
2024-02-02T13:42:03.358Z [Modules] Streaming discord_voice@1 to /home/vs/.config/discord/0.0.42/modules/pending/discord_voice-1.zip: 45%
2024-02-02T13:42:03.391Z [Modules] Streaming discord_voice@1 to /home/vs/.config/discord/0.0.42/modules/pending/discord_voice-1.zip: 46%
2024-02-02T13:42:03.411Z [Modules] Streaming discord_voice@1 to /home/vs/.config/discord/0.0.42/modules/pending/discord_voice-1.zip: 47%
2024-02-02T13:42:03.428Z [Modules] Streaming discord_voice@1 to /home/vs/.config/discord/0.0.42/modules/pending/discord_voice-1.zip: 48%
2024-02-02T13:42:03.443Z [Modules] Streaming discord_voice@1 to /home/vs/.config/discord/0.0.42/modules/pending/discord_voice-1.zip: 49%
2024-02-02T13:42:03.472Z [Modules] Streaming discord_voice@1 to /home/vs/.config/discord/0.0.42/modules/pending/discord_voice-1.zip: 50%
2024-02-02T13:42:03.504Z [Modules] Streaming discord_voice@1 to /home/vs/.config/discord/0.0.42/modules/pending/discord_voice-1.zip: 51%
2024-02-02T13:42:03.527Z [Modules] Streaming discord_voice@1 to /home/vs/.config/discord/0.0.42/modules/pending/discord_voice-1.zip: 52%
2024-02-02T13:42:03.575Z [Modules] Streaming discord_voice@1 to /home/vs/.config/discord/0.0.42/modules/pending/discord_voice-1.zip: 53%
2024-02-02T13:42:03.595Z [Modules] Streaming discord_voice@1 to /home/vs/.config/discord/0.0.42/modules/pending/discord_voice-1.zip: 54%
2024-02-02T13:42:03.619Z [Modules] Streaming discord_voice@1 to /home/vs/.config/discord/0.0.42/modules/pending/discord_voice-1.zip: 55%
2024-02-02T13:42:03.634Z [Modules] Streaming discord_voice@1 to /home/vs/.config/discord/0.0.42/modules/pending/discord_voice-1.zip: 56%
2024-02-02T13:42:03.656Z [Modules] Streaming discord_voice@1 to /home/vs/.config/discord/0.0.42/modules/pending/discord_voice-1.zip: 57%
2024-02-02T13:42:03.671Z [Modules] Streaming discord_voice@1 to /home/vs/.config/discord/0.0.42/modules/pending/discord_voice-1.zip: 58%
2024-02-02T13:42:03.689Z [Modules] Streaming discord_voice@1 to /home/vs/.config/discord/0.0.42/modules/pending/discord_voice-1.zip: 59%
2024-02-02T13:42:03.728Z [Modules] Streaming discord_voice@1 to /home/vs/.config/discord/0.0.42/modules/pending/discord_voice-1.zip: 60%
2024-02-02T13:42:03.748Z [Modules] Streaming discord_voice@1 to /home/vs/.config/discord/0.0.42/modules/pending/discord_voice-1.zip: 61%
2024-02-02T13:42:03.773Z [Modules] Streaming discord_voice@1 to /home/vs/.config/discord/0.0.42/modules/pending/discord_voice-1.zip: 62%
2024-02-02T13:42:03.789Z [Modules] Streaming discord_voice@1 to /home/vs/.config/discord/0.0.42/modules/pending/discord_voice-1.zip: 63%
2024-02-02T13:42:03.820Z [Modules] Streaming discord_voice@1 to /home/vs/.config/discord/0.0.42/modules/pending/discord_voice-1.zip: 64%
2024-02-02T13:42:03.835Z [Modules] Streaming discord_voice@1 to /home/vs/.config/discord/0.0.42/modules/pending/discord_voice-1.zip: 65%
2024-02-02T13:42:03.855Z [Modules] Streaming discord_voice@1 to /home/vs/.config/discord/0.0.42/modules/pending/discord_voice-1.zip: 66%
2024-02-02T13:42:03.876Z [Modules] Streaming discord_voice@1 to /home/vs/.config/discord/0.0.42/modules/pending/discord_voice-1.zip: 67%
2024-02-02T13:42:03.900Z [Modules] Streaming discord_voice@1 to /home/vs/.config/discord/0.0.42/modules/pending/discord_voice-1.zip: 68%
2024-02-02T13:42:03.928Z [Modules] Streaming discord_voice@1 to /home/vs/.config/discord/0.0.42/modules/pending/discord_voice-1.zip: 69%
2024-02-02T13:42:03.947Z [Modules] Streaming discord_voice@1 to /home/vs/.config/discord/0.0.42/modules/pending/discord_voice-1.zip: 70%
2024-02-02T13:42:03.964Z [Modules] Streaming discord_voice@1 to /home/vs/.config/discord/0.0.42/modules/pending/discord_voice-1.zip: 71%
2024-02-02T13:42:03.993Z [Modules] Streaming discord_voice@1 to /home/vs/.config/discord/0.0.42/modules/pending/discord_voice-1.zip: 72%
2024-02-02T13:42:04.014Z [Modules] Streaming discord_voice@1 to /home/vs/.config/discord/0.0.42/modules/pending/discord_voice-1.zip: 73%
2024-02-02T13:42:04.037Z [Modules] Streaming discord_voice@1 to /home/vs/.config/discord/0.0.42/modules/pending/discord_voice-1.zip: 74%
2024-02-02T13:42:04.055Z [Modules] Streaming discord_voice@1 to /home/vs/.config/discord/0.0.42/modules/pending/discord_voice-1.zip: 75%
2024-02-02T13:42:04.079Z [Modules] Streaming discord_voice@1 to /home/vs/.config/discord/0.0.42/modules/pending/discord_voice-1.zip: 76%
2024-02-02T13:42:04.103Z [Modules] Streaming discord_voice@1 to /home/vs/.config/discord/0.0.42/modules/pending/discord_voice-1.zip: 77%
2024-02-02T13:42:04.125Z [Modules] Streaming discord_voice@1 to /home/vs/.config/discord/0.0.42/modules/pending/discord_voice-1.zip: 78%
2024-02-02T13:42:04.140Z [Modules] Streaming discord_voice@1 to /home/vs/.config/discord/0.0.42/modules/pending/discord_voice-1.zip: 79%
2024-02-02T13:42:04.167Z [Modules] Streaming discord_voice@1 to /home/vs/.config/discord/0.0.42/modules/pending/discord_voice-1.zip: 80%
2024-02-02T13:42:04.194Z [Modules] Streaming discord_voice@1 to /home/vs/.config/discord/0.0.42/modules/pending/discord_voice-1.zip: 81%
2024-02-02T13:42:04.209Z [Modules] Streaming discord_voice@1 to /home/vs/.config/discord/0.0.42/modules/pending/discord_voice-1.zip: 82%
2024-02-02T13:42:04.229Z [Modules] Streaming discord_voice@1 to /home/vs/.config/discord/0.0.42/modules/pending/discord_voice-1.zip: 83%
2024-02-02T13:42:04.248Z [Modules] Streaming discord_voice@1 to /home/vs/.config/discord/0.0.42/modules/pending/discord_voice-1.zip: 84%
2024-02-02T13:42:04.280Z [Modules] Streaming discord_voice@1 to /home/vs/.config/discord/0.0.42/modules/pending/discord_voice-1.zip: 85%
2024-02-02T13:42:04.299Z [Modules] Streaming discord_voice@1 to /home/vs/.config/discord/0.0.42/modules/pending/discord_voice-1.zip: 86%
2024-02-02T13:42:04.315Z [Modules] Streaming discord_voice@1 to /home/vs/.config/discord/0.0.42/modules/pending/discord_voice-1.zip: 87%
2024-02-02T13:42:04.337Z [Modules] Streaming discord_voice@1 to /home/vs/.config/discord/0.0.42/modules/pending/discord_voice-1.zip: 88%
2024-02-02T13:42:04.364Z [Modules] Streaming discord_voice@1 to /home/vs/.config/discord/0.0.42/modules/pending/discord_voice-1.zip: 89%
2024-02-02T13:42:04.387Z [Modules] Streaming discord_voice@1 to /home/vs/.config/discord/0.0.42/modules/pending/discord_voice-1.zip: 90%
2024-02-02T13:42:04.426Z [Modules] Streaming discord_voice@1 to /home/vs/.config/discord/0.0.42/modules/pending/discord_voice-1.zip: 91%
2024-02-02T13:42:04.463Z [Modules] Streaming discord_voice@1 to /home/vs/.config/discord/0.0.42/modules/pending/discord_voice-1.zip: 92%
2024-02-02T13:42:04.486Z [Modules] Streaming discord_voice@1 to /home/vs/.config/discord/0.0.42/modules/pending/discord_voice-1.zip: 93%
2024-02-02T13:42:04.508Z [Modules] Streaming discord_voice@1 to /home/vs/.config/discord/0.0.42/modules/pending/discord_voice-1.zip: 94%
2024-02-02T13:42:04.539Z [Modules] Streaming discord_voice@1 to /home/vs/.config/discord/0.0.42/modules/pending/discord_voice-1.zip: 95%
2024-02-02T13:42:04.554Z [Modules] Streaming discord_voice@1 to /home/vs/.config/discord/0.0.42/modules/pending/discord_voice-1.zip: 96%
2024-02-02T13:42:04.572Z [Modules] Streaming discord_voice@1 to /home/vs/.config/discord/0.0.42/modules/pending/discord_voice-1.zip: 97%
2024-02-02T13:42:04.643Z [Modules] Streaming discord_voice@1 to /home/vs/.config/discord/0.0.42/modules/pending/discord_voice-1.zip: 98%
2024-02-02T13:42:04.667Z [Modules] Streaming discord_voice@1 to /home/vs/.config/discord/0.0.42/modules/pending/discord_voice-1.zip: 99%
2024-02-02T13:42:04.679Z [Modules] Streaming discord_voice@1 to /home/vs/.config/discord/0.0.42/modules/pending/discord_voice-1.zip: 100%
2024-02-02T13:42:04.680Z [Modules] Finished module downloads. [success: 5] [failure: 0]
2024-02-02T13:42:04.681Z [Modules] Installing updates...
2024-02-02T13:42:04.681Z [Modules] Installing discord_desktop_core@1 from /home/vs/.config/discord/0.0.42/modules/pending/discord_desktop_core-1.zip
2024-02-02T13:42:04.823Z [Modules] Installing discord_erlpack@1 from /home/vs/.config/discord/0.0.42/modules/pending/discord_erlpack-1.zip
2024-02-02T13:42:04.971Z [Modules] Installing discord_spellcheck@1 from /home/vs/.config/discord/0.0.42/modules/pending/discord_spellcheck-1.zip
2024-02-02T13:42:06.968Z [Modules] Installing discord_utils@1 from /home/vs/.config/discord/0.0.42/modules/pending/discord_utils-1.zip
2024-02-02T13:42:07.217Z [Modules] Installing discord_voice@1 from /home/vs/.config/discord/0.0.42/modules/pending/discord_voice-1.zip
2024-02-02T13:42:08.362Z [Modules] Finished module installations. [success: 5] [failure: 0]
2024-02-02T13:42:08.363Z [Modules] Checking for host updates.
2024-02-02T13:42:08.749Z [Modules] Host is up to date.
2024-02-02T13:42:08.749Z [Modules] Checking for module updates at https://discord.com/api/modules/stable/versions.json
2024-02-02T13:42:08.766Z [Modules] No module updates available.
2024-02-02T13:42:10.682Z [Modules] Starting to install discord_krisp...
2024-02-02T13:42:10.682Z [Modules] Fetching discord_krisp@1 from https://discord.com/api/modules/stable/discord_krisp/1
2024-02-02T13:42:10.683Z [Modules] Streaming discord_krisp@1 to /home/vs/.config/discord/0.0.42/modules/pending/discord_krisp-1.zip
2024-02-02T13:42:10.693Z [Modules] Starting to install discord_game_utils...
2024-02-02T13:42:11.344Z [Modules] Streaming discord_krisp@1 to /home/vs/.config/discord/0.0.42/modules/pending/discord_krisp-1.zip: 1%
2024-02-02T13:42:11.448Z [Modules] Streaming discord_krisp@1 to /home/vs/.config/discord/0.0.42/modules/pending/discord_krisp-1.zip: 2%
2024-02-02T13:42:11.465Z [Modules] Streaming discord_krisp@1 to /home/vs/.config/discord/0.0.42/modules/pending/discord_krisp-1.zip: 3%
2024-02-02T13:42:11.466Z [Modules] Streaming discord_krisp@1 to /home/vs/.config/discord/0.0.42/modules/pending/discord_krisp-1.zip: 4%
2024-02-02T13:42:11.467Z [Modules] Streaming discord_krisp@1 to /home/vs/.config/discord/0.0.42/modules/pending/discord_krisp-1.zip: 5%
2024-02-02T13:42:11.470Z [Modules] Streaming discord_krisp@1 to /home/vs/.config/discord/0.0.42/modules/pending/discord_krisp-1.zip: 6%
2024-02-02T13:42:11.472Z [Modules] Streaming discord_krisp@1 to /home/vs/.config/discord/0.0.42/modules/pending/discord_krisp-1.zip: 7%
2024-02-02T13:42:11.500Z [Modules] Streaming discord_krisp@1 to /home/vs/.config/discord/0.0.42/modules/pending/discord_krisp-1.zip: 8%
2024-02-02T13:42:11.520Z [Modules] Streaming discord_krisp@1 to /home/vs/.config/discord/0.0.42/modules/pending/discord_krisp-1.zip: 9%
2024-02-02T13:42:11.533Z [Modules] Streaming discord_krisp@1 to /home/vs/.config/discord/0.0.42/modules/pending/discord_krisp-1.zip: 10%
2024-02-02T13:42:11.602Z [Modules] Streaming discord_krisp@1 to /home/vs/.config/discord/0.0.42/modules/pending/discord_krisp-1.zip: 11%
2024-02-02T13:42:11.634Z [Modules] Streaming discord_krisp@1 to /home/vs/.config/discord/0.0.42/modules/pending/discord_krisp-1.zip: 12%
2024-02-02T13:42:11.651Z [Modules] Streaming discord_krisp@1 to /home/vs/.config/discord/0.0.42/modules/pending/discord_krisp-1.zip: 13%
2024-02-02T13:42:11.665Z [Modules] Streaming discord_krisp@1 to /home/vs/.config/discord/0.0.42/modules/pending/discord_krisp-1.zip: 14%
2024-02-02T13:42:11.681Z [Modules] Streaming discord_krisp@1 to /home/vs/.config/discord/0.0.42/modules/pending/discord_krisp-1.zip: 15%
2024-02-02T13:42:11.746Z [Modules] Streaming discord_krisp@1 to /home/vs/.config/discord/0.0.42/modules/pending/discord_krisp-1.zip: 16%
2024-02-02T13:42:11.766Z [Modules] Streaming discord_krisp@1 to /home/vs/.config/discord/0.0.42/modules/pending/discord_krisp-1.zip: 17%
2024-02-02T13:42:11.781Z [Modules] Streaming discord_krisp@1 to /home/vs/.config/discord/0.0.42/modules/pending/discord_krisp-1.zip: 18%
2024-02-02T13:42:11.808Z [Modules] Streaming discord_krisp@1 to /home/vs/.config/discord/0.0.42/modules/pending/discord_krisp-1.zip: 19%
2024-02-02T13:42:11.823Z [Modules] Streaming discord_krisp@1 to /home/vs/.config/discord/0.0.42/modules/pending/discord_krisp-1.zip: 20%
2024-02-02T13:42:11.834Z [Modules] Streaming discord_krisp@1 to /home/vs/.config/discord/0.0.42/modules/pending/discord_krisp-1.zip: 21%
2024-02-02T13:42:11.848Z [Modules] Streaming discord_krisp@1 to /home/vs/.config/discord/0.0.42/modules/pending/discord_krisp-1.zip: 22%
2024-02-02T13:42:11.863Z [Modules] Streaming discord_krisp@1 to /home/vs/.config/discord/0.0.42/modules/pending/discord_krisp-1.zip: 23%
2024-02-02T13:42:11.882Z [Modules] Streaming discord_krisp@1 to /home/vs/.config/discord/0.0.42/modules/pending/discord_krisp-1.zip: 24%
2024-02-02T13:42:11.917Z [Modules] Streaming discord_krisp@1 to /home/vs/.config/discord/0.0.42/modules/pending/discord_krisp-1.zip: 25%
2024-02-02T13:42:11.932Z [Modules] Streaming discord_krisp@1 to /home/vs/.config/discord/0.0.42/modules/pending/discord_krisp-1.zip: 26%
2024-02-02T13:42:11.958Z [Modules] Streaming discord_krisp@1 to /home/vs/.config/discord/0.0.42/modules/pending/discord_krisp-1.zip: 27%
2024-02-02T13:42:11.975Z [Modules] Streaming discord_krisp@1 to /home/vs/.config/discord/0.0.42/modules/pending/discord_krisp-1.zip: 28%
2024-02-02T13:42:11.989Z [Modules] Streaming discord_krisp@1 to /home/vs/.config/discord/0.0.42/modules/pending/discord_krisp-1.zip: 29%
2024-02-02T13:42:12.017Z [Modules] Streaming discord_krisp@1 to /home/vs/.config/discord/0.0.42/modules/pending/discord_krisp-1.zip: 30%
2024-02-02T13:42:12.029Z [Modules] Streaming discord_krisp@1 to /home/vs/.config/discord/0.0.42/modules/pending/discord_krisp-1.zip: 31%
2024-02-02T13:42:12.043Z [Modules] Streaming discord_krisp@1 to /home/vs/.config/discord/0.0.42/modules/pending/discord_krisp-1.zip: 32%
2024-02-02T13:42:12.061Z [Modules] Streaming discord_krisp@1 to /home/vs/.config/discord/0.0.42/modules/pending/discord_krisp-1.zip: 33%
2024-02-02T13:42:12.080Z [Modules] Streaming discord_krisp@1 to /home/vs/.config/discord/0.0.42/modules/pending/discord_krisp-1.zip: 34%
2024-02-02T13:42:12.107Z [Modules] Streaming discord_krisp@1 to /home/vs/.config/discord/0.0.42/modules/pending/discord_krisp-1.zip: 35%
2024-02-02T13:42:12.124Z [Modules] Streaming discord_krisp@1 to /home/vs/.config/discord/0.0.42/modules/pending/discord_krisp-1.zip: 36%
2024-02-02T13:42:12.139Z [Modules] Streaming discord_krisp@1 to /home/vs/.config/discord/0.0.42/modules/pending/discord_krisp-1.zip: 37%
2024-02-02T13:42:12.161Z [Modules] Streaming discord_krisp@1 to /home/vs/.config/discord/0.0.42/modules/pending/discord_krisp-1.zip: 38%
2024-02-02T13:42:12.184Z [Modules] Streaming discord_krisp@1 to /home/vs/.config/discord/0.0.42/modules/pending/discord_krisp-1.zip: 39%
2024-02-02T13:42:12.197Z [Modules] Streaming discord_krisp@1 to /home/vs/.config/discord/0.0.42/modules/pending/discord_krisp-1.zip: 40%
2024-02-02T13:42:12.206Z [Modules] Checking for host updates.
2024-02-02T13:42:12.234Z [Modules] Streaming discord_krisp@1 to /home/vs/.config/discord/0.0.42/modules/pending/discord_krisp-1.zip: 41%
2024-02-02T13:42:12.249Z [Modules] Streaming discord_krisp@1 to /home/vs/.config/discord/0.0.42/modules/pending/discord_krisp-1.zip: 42%
2024-02-02T13:42:12.263Z [Modules] Streaming discord_krisp@1 to /home/vs/.config/discord/0.0.42/modules/pending/discord_krisp-1.zip: 43%
2024-02-02T13:42:12.331Z [Modules] Streaming discord_krisp@1 to /home/vs/.config/discord/0.0.42/modules/pending/discord_krisp-1.zip: 44%
2024-02-02T13:42:12.349Z [Modules] Streaming discord_krisp@1 to /home/vs/.config/discord/0.0.42/modules/pending/discord_krisp-1.zip: 45%
2024-02-02T13:42:12.363Z [Modules] Streaming discord_krisp@1 to /home/vs/.config/discord/0.0.42/modules/pending/discord_krisp-1.zip: 46%
2024-02-02T13:42:12.379Z [Modules] Streaming discord_krisp@1 to /home/vs/.config/discord/0.0.42/modules/pending/discord_krisp-1.zip: 47%
2024-02-02T13:42:12.380Z [Modules] Starting to install discord_rpc...
2024-02-02T13:42:12.397Z [Modules] Streaming discord_krisp@1 to /home/vs/.config/discord/0.0.42/modules/pending/discord_krisp-1.zip: 48%
2024-02-02T13:42:12.419Z [Modules] Streaming discord_krisp@1 to /home/vs/.config/discord/0.0.42/modules/pending/discord_krisp-1.zip: 49%
2024-02-02T13:42:12.433Z [Modules] Streaming discord_krisp@1 to /home/vs/.config/discord/0.0.42/modules/pending/discord_krisp-1.zip: 50%
2024-02-02T13:42:12.452Z [Modules] Streaming discord_krisp@1 to /home/vs/.config/discord/0.0.42/modules/pending/discord_krisp-1.zip: 51%
2024-02-02T13:42:12.482Z [Modules] Streaming discord_krisp@1 to /home/vs/.config/discord/0.0.42/modules/pending/discord_krisp-1.zip: 52%
2024-02-02T13:42:12.507Z [Modules] Streaming discord_krisp@1 to /home/vs/.config/discord/0.0.42/modules/pending/discord_krisp-1.zip: 53%
2024-02-02T13:42:12.543Z [Modules] Streaming discord_krisp@1 to /home/vs/.config/discord/0.0.42/modules/pending/discord_krisp-1.zip: 55%
2024-02-02T13:42:12.553Z [Modules] Streaming discord_krisp@1 to /home/vs/.config/discord/0.0.42/modules/pending/discord_krisp-1.zip: 56%
2024-02-02T13:42:12.562Z [Modules] Streaming discord_krisp@1 to /home/vs/.config/discord/0.0.42/modules/pending/discord_krisp-1.zip: 57%
2024-02-02T13:42:12.588Z [Modules] Host is up to date.
2024-02-02T13:42:12.588Z [Modules] Checking for module updates at https://discord.com/api/modules/stable/versions.json
2024-02-02T13:42:12.591Z [Modules] Streaming discord_krisp@1 to /home/vs/.config/discord/0.0.42/modules/pending/discord_krisp-1.zip: 58%
2024-02-02T13:42:12.599Z [Modules] No module updates available.
2024-02-02T13:42:12.600Z [Modules] Streaming discord_krisp@1 to /home/vs/.config/discord/0.0.42/modules/pending/discord_krisp-1.zip: 59%
2024-02-02T13:42:12.625Z [Modules] Streaming discord_krisp@1 to /home/vs/.config/discord/0.0.42/modules/pending/discord_krisp-1.zip: 60%
2024-02-02T13:42:12.649Z [Modules] Streaming discord_krisp@1 to /home/vs/.config/discord/0.0.42/modules/pending/discord_krisp-1.zip: 61%
2024-02-02T13:42:12.671Z [Modules] Streaming discord_krisp@1 to /home/vs/.config/discord/0.0.42/modules/pending/discord_krisp-1.zip: 62%
2024-02-02T13:42:12.687Z [Modules] Streaming discord_krisp@1 to /home/vs/.config/discord/0.0.42/modules/pending/discord_krisp-1.zip: 63%
2024-02-02T13:42:12.705Z [Modules] Streaming discord_krisp@1 to /home/vs/.config/discord/0.0.42/modules/pending/discord_krisp-1.zip: 64%
2024-02-02T13:42:12.737Z [Modules] Streaming discord_krisp@1 to /home/vs/.config/discord/0.0.42/modules/pending/discord_krisp-1.zip: 65%
2024-02-02T13:42:12.760Z [Modules] Streaming discord_krisp@1 to /home/vs/.config/discord/0.0.42/modules/pending/discord_krisp-1.zip: 66%
2024-02-02T13:42:12.784Z [Modules] Streaming discord_krisp@1 to /home/vs/.config/discord/0.0.42/modules/pending/discord_krisp-1.zip: 67%
2024-02-02T13:42:12.805Z [Modules] Streaming discord_krisp@1 to /home/vs/.config/discord/0.0.42/modules/pending/discord_krisp-1.zip: 68%
2024-02-02T13:42:12.829Z [Modules] Streaming discord_krisp@1 to /home/vs/.config/discord/0.0.42/modules/pending/discord_krisp-1.zip: 69%
2024-02-02T13:42:12.843Z [Modules] Streaming discord_krisp@1 to /home/vs/.config/discord/0.0.42/modules/pending/discord_krisp-1.zip: 70%
2024-02-02T13:42:12.855Z [Modules] Streaming discord_krisp@1 to /home/vs/.config/discord/0.0.42/modules/pending/discord_krisp-1.zip: 71%
2024-02-02T13:42:12.873Z [Modules] Streaming discord_krisp@1 to /home/vs/.config/discord/0.0.42/modules/pending/discord_krisp-1.zip: 72%
2024-02-02T13:42:12.894Z [Modules] Streaming discord_krisp@1 to /home/vs/.config/discord/0.0.42/modules/pending/discord_krisp-1.zip: 73%
2024-02-02T13:42:12.917Z [Modules] Streaming discord_krisp@1 to /home/vs/.config/discord/0.0.42/modules/pending/discord_krisp-1.zip: 74%
2024-02-02T13:42:12.937Z [Modules] Streaming discord_krisp@1 to /home/vs/.config/discord/0.0.42/modules/pending/discord_krisp-1.zip: 75%
2024-02-02T13:42:12.962Z [Modules] Streaming discord_krisp@1 to /home/vs/.config/discord/0.0.42/modules/pending/discord_krisp-1.zip: 76%
2024-02-02T13:42:12.980Z [Modules] Streaming discord_krisp@1 to /home/vs/.config/discord/0.0.42/modules/pending/discord_krisp-1.zip: 77%
2024-02-02T13:42:13.000Z [Modules] Streaming discord_krisp@1 to /home/vs/.config/discord/0.0.42/modules/pending/discord_krisp-1.zip: 78%
2024-02-02T13:42:13.028Z [Modules] Streaming discord_krisp@1 to /home/vs/.config/discord/0.0.42/modules/pending/discord_krisp-1.zip: 79%
2024-02-02T13:42:13.046Z [Modules] Streaming discord_krisp@1 to /home/vs/.config/discord/0.0.42/modules/pending/discord_krisp-1.zip: 80%
2024-02-02T13:42:13.062Z [Modules] Streaming discord_krisp@1 to /home/vs/.config/discord/0.0.42/modules/pending/discord_krisp-1.zip: 81%
2024-02-02T13:42:13.086Z [Modules] Streaming discord_krisp@1 to /home/vs/.config/discord/0.0.42/modules/pending/discord_krisp-1.zip: 82%
2024-02-02T13:42:13.109Z [Modules] Streaming discord_krisp@1 to /home/vs/.config/discord/0.0.42/modules/pending/discord_krisp-1.zip: 83%
2024-02-02T13:42:13.130Z [Modules] Streaming discord_krisp@1 to /home/vs/.config/discord/0.0.42/modules/pending/discord_krisp-1.zip: 84%
2024-02-02T13:42:13.155Z [Modules] Streaming discord_krisp@1 to /home/vs/.config/discord/0.0.42/modules/pending/discord_krisp-1.zip: 85%
2024-02-02T13:42:13.168Z [Modules] Streaming discord_krisp@1 to /home/vs/.config/discord/0.0.42/modules/pending/discord_krisp-1.zip: 86%
2024-02-02T13:42:13.188Z [Modules] Streaming discord_krisp@1 to /home/vs/.config/discord/0.0.42/modules/pending/discord_krisp-1.zip: 87%
2024-02-02T13:42:13.207Z [Modules] Streaming discord_krisp@1 to /home/vs/.config/discord/0.0.42/modules/pending/discord_krisp-1.zip: 88%
2024-02-02T13:42:13.226Z [Modules] Streaming discord_krisp@1 to /home/vs/.config/discord/0.0.42/modules/pending/discord_krisp-1.zip: 89%
2024-02-02T13:42:13.246Z [Modules] Streaming discord_krisp@1 to /home/vs/.config/discord/0.0.42/modules/pending/discord_krisp-1.zip: 90%
2024-02-02T13:42:13.268Z [Modules] Streaming discord_krisp@1 to /home/vs/.config/discord/0.0.42/modules/pending/discord_krisp-1.zip: 91%
2024-02-02T13:42:13.287Z [Modules] Streaming discord_krisp@1 to /home/vs/.config/discord/0.0.42/modules/pending/discord_krisp-1.zip: 92%
2024-02-02T13:42:13.306Z [Modules] Streaming discord_krisp@1 to /home/vs/.config/discord/0.0.42/modules/pending/discord_krisp-1.zip: 93%
2024-02-02T13:42:13.323Z [Modules] Streaming discord_krisp@1 to /home/vs/.config/discord/0.0.42/modules/pending/discord_krisp-1.zip: 94%
2024-02-02T13:42:13.342Z [Modules] Streaming discord_krisp@1 to /home/vs/.config/discord/0.0.42/modules/pending/discord_krisp-1.zip: 95%
2024-02-02T13:42:13.361Z [Modules] Streaming discord_krisp@1 to /home/vs/.config/discord/0.0.42/modules/pending/discord_krisp-1.zip: 96%
2024-02-02T13:42:13.388Z [Modules] Streaming discord_krisp@1 to /home/vs/.config/discord/0.0.42/modules/pending/discord_krisp-1.zip: 97%
2024-02-02T13:42:13.409Z [Modules] Streaming discord_krisp@1 to /home/vs/.config/discord/0.0.42/modules/pending/discord_krisp-1.zip: 98%
2024-02-02T13:42:13.417Z [Modules] Streaming discord_krisp@1 to /home/vs/.config/discord/0.0.42/modules/pending/discord_krisp-1.zip: 99%
2024-02-02T13:42:13.441Z [Modules] Streaming discord_krisp@1 to /home/vs/.config/discord/0.0.42/modules/pending/discord_krisp-1.zip: 100%
2024-02-02T13:42:13.444Z [Modules] Fetching discord_game_utils@1 from https://discord.com/api/modules/stable/discord_game_utils/1
2024-02-02T13:42:13.444Z [Modules] Streaming discord_game_utils@1 to /home/vs/.config/discord/0.0.42/modules/pending/discord_game_utils-1.zip
2024-02-02T13:42:13.444Z [Modules] Installing discord_krisp@1 from /home/vs/.config/discord/0.0.42/modules/pending/discord_krisp-1.zip
2024-02-02T13:42:14.015Z [Modules] Streaming discord_game_utils@1 to /home/vs/.config/discord/0.0.42/modules/pending/discord_game_utils-1.zip: 1%
2024-02-02T13:42:14.016Z [Modules] Streaming discord_game_utils@1 to /home/vs/.config/discord/0.0.42/modules/pending/discord_game_utils-1.zip: 2%
2024-02-02T13:42:14.021Z [Modules] Streaming discord_game_utils@1 to /home/vs/.config/discord/0.0.42/modules/pending/discord_game_utils-1.zip: 3%
2024-02-02T13:42:14.024Z [Modules] Streaming discord_game_utils@1 to /home/vs/.config/discord/0.0.42/modules/pending/discord_game_utils-1.zip: 5%
2024-02-02T13:42:14.029Z [Modules] Streaming discord_game_utils@1 to /home/vs/.config/discord/0.0.42/modules/pending/discord_game_utils-1.zip: 7%
2024-02-02T13:42:14.029Z [Modules] Streaming discord_game_utils@1 to /home/vs/.config/discord/0.0.42/modules/pending/discord_game_utils-1.zip: 8%
2024-02-02T13:42:14.032Z [Modules] Streaming discord_game_utils@1 to /home/vs/.config/discord/0.0.42/modules/pending/discord_game_utils-1.zip: 9%
2024-02-02T13:42:14.034Z [Modules] Streaming discord_game_utils@1 to /home/vs/.config/discord/0.0.42/modules/pending/discord_game_utils-1.zip: 11%
2024-02-02T13:42:14.037Z [Modules] Streaming discord_game_utils@1 to /home/vs/.config/discord/0.0.42/modules/pending/discord_game_utils-1.zip: 14%
2024-02-02T13:42:14.048Z [Modules] Streaming discord_game_utils@1 to /home/vs/.config/discord/0.0.42/modules/pending/discord_game_utils-1.zip: 16%
2024-02-02T13:42:14.052Z [Modules] Streaming discord_game_utils@1 to /home/vs/.config/discord/0.0.42/modules/pending/discord_game_utils-1.zip: 18%
2024-02-02T13:42:14.054Z [Modules] Streaming discord_game_utils@1 to /home/vs/.config/discord/0.0.42/modules/pending/discord_game_utils-1.zip: 19%
2024-02-02T13:42:14.057Z [Modules] Streaming discord_game_utils@1 to /home/vs/.config/discord/0.0.42/modules/pending/discord_game_utils-1.zip: 21%
2024-02-02T13:42:14.060Z [Modules] Streaming discord_game_utils@1 to /home/vs/.config/discord/0.0.42/modules/pending/discord_game_utils-1.zip: 22%
2024-02-02T13:42:14.062Z [Modules] Streaming discord_game_utils@1 to /home/vs/.config/discord/0.0.42/modules/pending/discord_game_utils-1.zip: 23%
2024-02-02T13:42:14.064Z [Modules] Streaming discord_game_utils@1 to /home/vs/.config/discord/0.0.42/modules/pending/discord_game_utils-1.zip: 25%
2024-02-02T13:42:14.065Z [Modules] Streaming discord_game_utils@1 to /home/vs/.config/discord/0.0.42/modules/pending/discord_game_utils-1.zip: 26%
2024-02-02T13:42:14.067Z [Modules] Streaming discord_game_utils@1 to /home/vs/.config/discord/0.0.42/modules/pending/discord_game_utils-1.zip: 27%
2024-02-02T13:42:14.071Z [Modules] Streaming discord_game_utils@1 to /home/vs/.config/discord/0.0.42/modules/pending/discord_game_utils-1.zip: 29%
2024-02-02T13:42:14.075Z [Modules] Streaming discord_game_utils@1 to /home/vs/.config/discord/0.0.42/modules/pending/discord_game_utils-1.zip: 31%
2024-02-02T13:42:14.077Z [Modules] Streaming discord_game_utils@1 to /home/vs/.config/discord/0.0.42/modules/pending/discord_game_utils-1.zip: 33%
2024-02-02T13:42:14.080Z [Modules] Streaming discord_game_utils@1 to /home/vs/.config/discord/0.0.42/modules/pending/discord_game_utils-1.zip: 34%
2024-02-02T13:42:14.082Z [Modules] Streaming discord_game_utils@1 to /home/vs/.config/discord/0.0.42/modules/pending/discord_game_utils-1.zip: 35%
2024-02-02T13:42:14.084Z [Modules] Streaming discord_game_utils@1 to /home/vs/.config/discord/0.0.42/modules/pending/discord_game_utils-1.zip: 36%
2024-02-02T13:42:14.087Z [Modules] Streaming discord_game_utils@1 to /home/vs/.config/discord/0.0.42/modules/pending/discord_game_utils-1.zip: 38%
2024-02-02T13:42:14.090Z [Modules] Streaming discord_game_utils@1 to /home/vs/.config/discord/0.0.42/modules/pending/discord_game_utils-1.zip: 41%
2024-02-02T13:42:14.092Z [Modules] Streaming discord_game_utils@1 to /home/vs/.config/discord/0.0.42/modules/pending/discord_game_utils-1.zip: 42%
2024-02-02T13:42:14.094Z [Modules] Streaming discord_game_utils@1 to /home/vs/.config/discord/0.0.42/modules/pending/discord_game_utils-1.zip: 43%
2024-02-02T13:42:14.096Z [Modules] Streaming discord_game_utils@1 to /home/vs/.config/discord/0.0.42/modules/pending/discord_game_utils-1.zip: 44%
2024-02-02T13:42:14.097Z [Modules] Streaming discord_game_utils@1 to /home/vs/.config/discord/0.0.42/modules/pending/discord_game_utils-1.zip: 45%
2024-02-02T13:42:14.101Z [Modules] Streaming discord_game_utils@1 to /home/vs/.config/discord/0.0.42/modules/pending/discord_game_utils-1.zip: 46%
2024-02-02T13:42:14.103Z [Modules] Streaming discord_game_utils@1 to /home/vs/.config/discord/0.0.42/modules/pending/discord_game_utils-1.zip: 47%
2024-02-02T13:42:14.105Z [Modules] Streaming discord_game_utils@1 to /home/vs/.config/discord/0.0.42/modules/pending/discord_game_utils-1.zip: 48%
2024-02-02T13:42:14.107Z [Modules] Streaming discord_game_utils@1 to /home/vs/.config/discord/0.0.42/modules/pending/discord_game_utils-1.zip: 50%
2024-02-02T13:42:14.110Z [Modules] Streaming discord_game_utils@1 to /home/vs/.config/discord/0.0.42/modules/pending/discord_game_utils-1.zip: 53%
2024-02-02T13:42:14.114Z [Modules] Streaming discord_game_utils@1 to /home/vs/.config/discord/0.0.42/modules/pending/discord_game_utils-1.zip: 54%
2024-02-02T13:42:14.116Z [Modules] Streaming discord_game_utils@1 to /home/vs/.config/discord/0.0.42/modules/pending/discord_game_utils-1.zip: 57%
2024-02-02T13:42:14.122Z [Modules] Streaming discord_game_utils@1 to /home/vs/.config/discord/0.0.42/modules/pending/discord_game_utils-1.zip: 58%
2024-02-02T13:42:14.133Z [Modules] Streaming discord_game_utils@1 to /home/vs/.config/discord/0.0.42/modules/pending/discord_game_utils-1.zip: 64%
2024-02-02T13:42:14.136Z [Modules] Streaming discord_game_utils@1 to /home/vs/.config/discord/0.0.42/modules/pending/discord_game_utils-1.zip: 65%
2024-02-02T13:42:14.141Z [Modules] Streaming discord_game_utils@1 to /home/vs/.config/discord/0.0.42/modules/pending/discord_game_utils-1.zip: 68%
2024-02-02T13:42:14.148Z [Modules] Streaming discord_game_utils@1 to /home/vs/.config/discord/0.0.42/modules/pending/discord_game_utils-1.zip: 70%
2024-02-02T13:42:14.150Z [Modules] Streaming discord_game_utils@1 to /home/vs/.config/discord/0.0.42/modules/pending/discord_game_utils-1.zip: 71%
2024-02-02T13:42:14.155Z [Modules] Streaming discord_game_utils@1 to /home/vs/.config/discord/0.0.42/modules/pending/discord_game_utils-1.zip: 73%
2024-02-02T13:42:14.157Z [Modules] Streaming discord_game_utils@1 to /home/vs/.config/discord/0.0.42/modules/pending/discord_game_utils-1.zip: 74%
2024-02-02T13:42:14.159Z [Modules] Streaming discord_game_utils@1 to /home/vs/.config/discord/0.0.42/modules/pending/discord_game_utils-1.zip: 75%
2024-02-02T13:42:14.162Z [Modules] Streaming discord_game_utils@1 to /home/vs/.config/discord/0.0.42/modules/pending/discord_game_utils-1.zip: 77%
2024-02-02T13:42:14.164Z [Modules] Streaming discord_game_utils@1 to /home/vs/.config/discord/0.0.42/modules/pending/discord_game_utils-1.zip: 78%
2024-02-02T13:42:14.175Z [Modules] Streaming discord_game_utils@1 to /home/vs/.config/discord/0.0.42/modules/pending/discord_game_utils-1.zip: 80%
2024-02-02T13:42:14.182Z [Modules] Streaming discord_game_utils@1 to /home/vs/.config/discord/0.0.42/modules/pending/discord_game_utils-1.zip: 81%
2024-02-02T13:42:14.183Z [Modules] Streaming discord_game_utils@1 to /home/vs/.config/discord/0.0.42/modules/pending/discord_game_utils-1.zip: 82%
2024-02-02T13:42:14.184Z [Modules] Streaming discord_game_utils@1 to /home/vs/.config/discord/0.0.42/modules/pending/discord_game_utils-1.zip: 83%
2024-02-02T13:42:14.185Z [Modules] Streaming discord_game_utils@1 to /home/vs/.config/discord/0.0.42/modules/pending/discord_game_utils-1.zip: 84%
2024-02-02T13:42:14.194Z [Modules] Streaming discord_game_utils@1 to /home/vs/.config/discord/0.0.42/modules/pending/discord_game_utils-1.zip: 85%
2024-02-02T13:42:14.197Z [Modules] Streaming discord_game_utils@1 to /home/vs/.config/discord/0.0.42/modules/pending/discord_game_utils-1.zip: 86%
2024-02-02T13:42:14.200Z [Modules] Streaming discord_game_utils@1 to /home/vs/.config/discord/0.0.42/modules/pending/discord_game_utils-1.zip: 88%
2024-02-02T13:42:14.204Z [Modules] Streaming discord_game_utils@1 to /home/vs/.config/discord/0.0.42/modules/pending/discord_game_utils-1.zip: 89%
2024-02-02T13:42:14.206Z [Modules] Streaming discord_game_utils@1 to /home/vs/.config/discord/0.0.42/modules/pending/discord_game_utils-1.zip: 91%
2024-02-02T13:42:14.208Z [Modules] Streaming discord_game_utils@1 to /home/vs/.config/discord/0.0.42/modules/pending/discord_game_utils-1.zip: 92%
2024-02-02T13:42:14.210Z [Modules] Streaming discord_game_utils@1 to /home/vs/.config/discord/0.0.42/modules/pending/discord_game_utils-1.zip: 93%
2024-02-02T13:42:14.214Z [Modules] Streaming discord_game_utils@1 to /home/vs/.config/discord/0.0.42/modules/pending/discord_game_utils-1.zip: 94%
2024-02-02T13:42:14.215Z [Modules] Streaming discord_game_utils@1 to /home/vs/.config/discord/0.0.42/modules/pending/discord_game_utils-1.zip: 95%
2024-02-02T13:42:14.219Z [Modules] Streaming discord_game_utils@1 to /home/vs/.config/discord/0.0.42/modules/pending/discord_game_utils-1.zip: 97%
2024-02-02T13:42:14.221Z [Modules] Streaming discord_game_utils@1 to /home/vs/.config/discord/0.0.42/modules/pending/discord_game_utils-1.zip: 98%
2024-02-02T13:42:14.223Z [Modules] Streaming discord_game_utils@1 to /home/vs/.config/discord/0.0.42/modules/pending/discord_game_utils-1.zip: 100%
2024-02-02T13:42:14.225Z [Modules] Fetching discord_rpc@1 from https://discord.com/api/modules/stable/discord_rpc/1
2024-02-02T13:42:14.225Z [Modules] Streaming discord_rpc@1 to /home/vs/.config/discord/0.0.42/modules/pending/discord_rpc-1.zip
2024-02-02T13:42:14.239Z [Modules] Installing discord_game_utils@1 from /home/vs/.config/discord/0.0.42/modules/pending/discord_game_utils-1.zip
2024-02-02T13:42:14.344Z [Modules] Finished module installations. [success: 2] [failure: 0]
2024-02-02T13:42:14.955Z [Modules] Streaming discord_rpc@1 to /home/vs/.config/discord/0.0.42/modules/pending/discord_rpc-1.zip: 100%
2024-02-02T13:42:14.956Z [Modules] Finished module downloads. [success: 3] [failure: 0]
2024-02-02T13:42:14.956Z [Modules] Installing discord_rpc@1 from /home/vs/.config/discord/0.0.42/modules/pending/discord_rpc-1.zip
2024-02-02T13:42:14.979Z [Modules] Finished module installations. [success: 1] [failure: 0]
2024-02-02T13:42:56.842Z [Modules] Modules initializing
2024-02-02T13:42:56.842Z [Modules] Distribution: remote
2024-02-02T13:42:56.842Z [Modules] Host updates: enabled
2024-02-02T13:42:56.843Z [Modules] Module updates: enabled
2024-02-02T13:42:56.843Z [Modules] Module install path: /home/vs/.config/discord/0.0.42/modules
2024-02-02T13:42:56.843Z [Modules] Module installed file path: /home/vs/.config/discord/0.0.42/modules/installed.json
2024-02-02T13:42:56.843Z [Modules] Module download path: /home/vs/.config/discord/0.0.42/modules/pending
2024-02-02T13:42:57.063Z [Modules] No updates to install
2024-02-02T13:42:57.064Z [Modules] Checking for host updates.
2024-02-02T13:42:57.521Z [Modules] Host is up to date.
2024-02-02T13:42:57.523Z [Modules] Checking for module updates at https://discord.com/api/modules/stable/versions.json
2024-02-02T13:42:57.538Z [Modules] No module updates available.
2024-02-02T13:43:01.464Z [Modules] Checking for host updates.
2024-02-02T13:43:01.875Z [Modules] Host is up to date.
2024-02-02T13:43:01.875Z [Modules] Checking for module updates at https://discord.com/api/modules/stable/versions.json
2024-02-02T13:43:01.886Z [Modules] No module updates available.
2024-02-02T14:43:01.486Z [Modules] Checking for host updates.
2024-02-02T14:43:01.932Z [Modules] Host is up to date.
2024-02-02T14:43:01.933Z [Modules] Checking for module updates at https://discord.com/api/modules/stable/versions.json
2024-02-02T14:43:01.963Z [Modules] No module updates available.
2024-02-02T15:43:01.470Z [Modules] Checking for host updates.
2024-02-02T15:43:02.034Z [Modules] Host is up to date.
2024-02-02T15:43:02.035Z [Modules] Checking for module updates at https://discord.com/api/modules/stable/versions.json
2024-02-02T15:43:02.064Z [Modules] No module updates available.
2024-02-02T16:43:01.469Z [Modules] Checking for host updates.
2024-02-02T16:43:01.908Z [Modules] Host is up to date.
2024-02-02T16:43:01.908Z [Modules] Checking for module updates at https://discord.com/api/modules/stable/versions.json
2024-02-02T16:43:01.937Z [Modules] No module updates available.
2024-02-02T17:43:01.465Z [Modules] Checking for host updates.
2024-02-02T17:43:01.957Z [Modules] Host is up to date.
2024-02-02T17:43:01.957Z [Modules] Checking for module updates at https://discord.com/api/modules/stable/versions.json
2024-02-02T17:43:01.986Z [Modules] No module updates available.
2024-02-02T18:43:01.470Z [Modules] Checking for host updates.
2024-02-02T18:43:01.887Z [Modules] Host is up to date.
2024-02-02T18:43:01.887Z [Modules] Checking for module updates at https://discord.com/api/modules/stable/versions.json
2024-02-02T18:43:01.919Z [Modules] No module updates available.
2024-02-02T19:43:01.469Z [Modules] Checking for host updates.
2024-02-02T19:43:01.928Z [Modules] Host is up to date.
2024-02-02T19:43:01.928Z [Modules] Checking for module updates at https://discord.com/api/modules/stable/versions.json
2024-02-02T19:43:01.951Z [Modules] No module updates available.
2024-02-02T20:43:01.511Z [Modules] Checking for host updates.
2024-02-02T20:43:02.018Z [Modules] Host is up to date.
2024-02-02T20:43:02.019Z [Modules] Checking for module updates at https://discord.com/api/modules/stable/versions.json
2024-02-02T20:43:02.047Z [Modules] No module updates available.
2024-03-25T06:51:41.439Z [Modules] Modules initializing
2024-03-25T06:51:41.439Z [Modules] Distribution: remote
2024-03-25T06:51:41.440Z [Modules] Host updates: enabled
2024-03-25T06:51:41.440Z [Modules] Module updates: enabled
2024-03-25T06:51:41.440Z [Modules] Module install path: /home/vs/.config/discord/0.0.45/modules
2024-03-25T06:51:41.440Z [Modules] Module installed file path: /home/vs/.config/discord/0.0.45/modules/installed.json
2024-03-25T06:51:41.441Z [Modules] Module download path: /home/vs/.config/discord/0.0.45/modules/pending
2024-03-25T06:51:41.737Z [Modules] Bootstrapping...
2024-03-25T06:51:41.738Z [Modules] Installing discord_desktop_core@0 from /opt/discord/resources/bootstrap/discord_desktop_core.zip
2024-03-25T06:51:41.740Z [Modules] Failed installing discord_desktop_core@0: Error: ENOENT: no such file or directory, open '/opt/discord/resources/bootstrap/discord_desktop_core.zip'
2024-03-25T06:51:41.741Z [Modules] Installing discord_erlpack@0 from /opt/discord/resources/bootstrap/discord_erlpack.zip
2024-03-25T06:51:41.742Z [Modules] Failed installing discord_erlpack@0: Error: ENOENT: no such file or directory, open '/opt/discord/resources/bootstrap/discord_erlpack.zip'
2024-03-25T06:51:41.743Z [Modules] Installing discord_spellcheck@0 from /opt/discord/resources/bootstrap/discord_spellcheck.zip
2024-03-25T06:51:41.744Z [Modules] Failed installing discord_spellcheck@0: Error: ENOENT: no such file or directory, open '/opt/discord/resources/bootstrap/discord_spellcheck.zip'
2024-03-25T06:51:41.745Z [Modules] Installing discord_utils@0 from /opt/discord/resources/bootstrap/discord_utils.zip
2024-03-25T06:51:41.746Z [Modules] Failed installing discord_utils@0: Error: ENOENT: no such file or directory, open '/opt/discord/resources/bootstrap/discord_utils.zip'
2024-03-25T06:51:41.747Z [Modules] Installing discord_voice@0 from /opt/discord/resources/bootstrap/discord_voice.zip
2024-03-25T06:51:41.748Z [Modules] Failed installing discord_voice@0: Error: ENOENT: no such file or directory, open '/opt/discord/resources/bootstrap/discord_voice.zip'
2024-03-25T06:51:41.748Z [Modules] Finished module installations. [success: 0] [failure: 5]
2024-03-25T06:51:41.748Z [Modules] Checking for host updates.
2024-03-25T06:51:42.259Z [Modules] Host update is available. Manual update required!
2024-03-25T06:52:16.628Z [Modules] Modules initializing
2024-03-25T06:52:16.629Z [Modules] Distribution: remote
2024-03-25T06:52:16.629Z [Modules] Host updates: enabled
2024-03-25T06:52:16.629Z [Modules] Module updates: enabled
2024-03-25T06:52:16.630Z [Modules] Module install path: /home/vs/.config/discord/0.0.45/modules
2024-03-25T06:52:16.630Z [Modules] Module installed file path: /home/vs/.config/discord/0.0.45/modules/installed.json
2024-03-25T06:52:16.630Z [Modules] Module download path: /home/vs/.config/discord/0.0.45/modules/pending
2024-03-25T06:52:16.878Z [Modules] No updates to install
2024-03-25T06:52:16.880Z [Modules] Checking for host updates.
2024-03-25T06:52:17.430Z [Modules] Host update is available. Manual update required!
2024-04-18T06:47:04.113Z [Modules] Modules initializing
2024-04-18T06:47:04.113Z [Modules] Distribution: remote
2024-04-18T06:47:04.114Z [Modules] Host updates: enabled
2024-04-18T06:47:04.114Z [Modules] Module updates: enabled
2024-04-18T06:47:04.114Z [Modules] Module install path: /home/vs/.config/discord/0.0.47/modules
2024-04-18T06:47:04.114Z [Modules] Module installed file path: /home/vs/.config/discord/0.0.47/modules/installed.json
2024-04-18T06:47:04.114Z [Modules] Module download path: /home/vs/.config/discord/0.0.47/modules/pending
2024-04-18T06:47:04.530Z [Modules] Bootstrapping...
2024-04-18T06:47:04.531Z [Modules] Installing discord_desktop_core@0 from /opt/discord/resources/bootstrap/discord_desktop_core.zip
2024-04-18T06:47:04.533Z [Modules] Failed installing discord_desktop_core@0: Error: ENOENT: no such file or directory, open '/opt/discord/resources/bootstrap/discord_desktop_core.zip'
2024-04-18T06:47:04.534Z [Modules] Installing discord_erlpack@0 from /opt/discord/resources/bootstrap/discord_erlpack.zip
2024-04-18T06:47:04.536Z [Modules] Failed installing discord_erlpack@0: Error: ENOENT: no such file or directory, open '/opt/discord/resources/bootstrap/discord_erlpack.zip'
2024-04-18T06:47:04.536Z [Modules] Installing discord_spellcheck@0 from /opt/discord/resources/bootstrap/discord_spellcheck.zip
2024-04-18T06:47:04.538Z [Modules] Failed installing discord_spellcheck@0: Error: ENOENT: no such file or directory, open '/opt/discord/resources/bootstrap/discord_spellcheck.zip'
2024-04-18T06:47:04.539Z [Modules] Installing discord_utils@0 from /opt/discord/resources/bootstrap/discord_utils.zip
2024-04-18T06:47:04.540Z [Modules] Failed installing discord_utils@0: Error: ENOENT: no such file or directory, open '/opt/discord/resources/bootstrap/discord_utils.zip'
2024-04-18T06:47:04.541Z [Modules] Installing discord_voice@0 from /opt/discord/resources/bootstrap/discord_voice.zip
2024-04-18T06:47:04.542Z [Modules] Failed installing discord_voice@0: Error: ENOENT: no such file or directory, open '/opt/discord/resources/bootstrap/discord_voice.zip'
2024-04-18T06:47:04.542Z [Modules] Finished module installations. [success: 0] [failure: 5]
2024-04-18T06:47:04.543Z [Modules] Checking for host updates.
2024-04-18T06:47:10.062Z [Modules] Host update is available. Manual update required!
2024-04-23T16:08:05.866Z [Modules] Modules initializing
2024-04-23T16:08:05.866Z [Modules] Distribution: remote
2024-04-23T16:08:05.866Z [Modules] Host updates: enabled
2024-04-23T16:08:05.866Z [Modules] Module updates: enabled
2024-04-23T16:08:05.867Z [Modules] Module install path: /home/vs/.config/discord/0.0.50/modules
2024-04-23T16:08:05.867Z [Modules] Module installed file path: /home/vs/.config/discord/0.0.50/modules/installed.json
2024-04-23T16:08:05.867Z [Modules] Module download path: /home/vs/.config/discord/0.0.50/modules/pending
2024-04-23T16:08:06.224Z [Modules] Bootstrapping...
2024-04-23T16:08:06.225Z [Modules] Installing discord_desktop_core@0 from /opt/discord/resources/bootstrap/discord_desktop_core.zip
2024-04-23T16:08:06.228Z [Modules] Failed installing discord_desktop_core@0: Error: ENOENT: no such file or directory, open '/opt/discord/resources/bootstrap/discord_desktop_core.zip'
2024-04-23T16:08:06.229Z [Modules] Installing discord_erlpack@0 from /opt/discord/resources/bootstrap/discord_erlpack.zip
2024-04-23T16:08:06.231Z [Modules] Failed installing discord_erlpack@0: Error: ENOENT: no such file or directory, open '/opt/discord/resources/bootstrap/discord_erlpack.zip'
2024-04-23T16:08:06.232Z [Modules] Installing discord_spellcheck@0 from /opt/discord/resources/bootstrap/discord_spellcheck.zip
2024-04-23T16:08:06.234Z [Modules] Failed installing discord_spellcheck@0: Error: ENOENT: no such file or directory, open '/opt/discord/resources/bootstrap/discord_spellcheck.zip'
2024-04-23T16:08:06.234Z [Modules] Installing discord_utils@0 from /opt/discord/resources/bootstrap/discord_utils.zip
2024-04-23T16:08:06.236Z [Modules] Failed installing discord_utils@0: Error: ENOENT: no such file or directory, open '/opt/discord/resources/bootstrap/discord_utils.zip'
2024-04-23T16:08:06.236Z [Modules] Installing discord_voice@0 from /opt/discord/resources/bootstrap/discord_voice.zip
2024-04-23T16:08:06.237Z [Modules] Failed installing discord_voice@0: Error: ENOENT: no such file or directory, open '/opt/discord/resources/bootstrap/discord_voice.zip'
2024-04-23T16:08:06.238Z [Modules] Finished module installations. [success: 0] [failure: 5]
2024-04-23T16:08:06.238Z [Modules] Checking for host updates.
2024-04-23T16:08:11.867Z [Modules] Host update is available. Manual update required!
2024-05-04T18:20:41.627Z [Modules] Modules initializing
2024-05-04T18:20:41.627Z [Modules] Distribution: remote
2024-05-04T18:20:41.627Z [Modules] Host updates: enabled
2024-05-04T18:20:41.628Z [Modules] Module updates: enabled
2024-05-04T18:20:41.628Z [Modules] Module install path: /home/vs/.config/discord/0.0.52/modules
2024-05-04T18:20:41.628Z [Modules] Module installed file path: /home/vs/.config/discord/0.0.52/modules/installed.json
2024-05-04T18:20:41.628Z [Modules] Module download path: /home/vs/.config/discord/0.0.52/modules/pending
2024-05-04T18:20:42.043Z [Modules] Bootstrapping...
2024-05-04T18:20:42.044Z [Modules] Installing discord_desktop_core@0 from /opt/discord/resources/bootstrap/discord_desktop_core.zip
2024-05-04T18:20:42.047Z [Modules] Failed installing discord_desktop_core@0: Error: ENOENT: no such file or directory, open '/opt/discord/resources/bootstrap/discord_desktop_core.zip'
2024-05-04T18:20:42.048Z [Modules] Installing discord_erlpack@0 from /opt/discord/resources/bootstrap/discord_erlpack.zip
2024-05-04T18:20:42.051Z [Modules] Failed installing discord_erlpack@0: Error: ENOENT: no such file or directory, open '/opt/discord/resources/bootstrap/discord_erlpack.zip'
2024-05-04T18:20:42.052Z [Modules] Installing discord_spellcheck@0 from /opt/discord/resources/bootstrap/discord_spellcheck.zip
2024-05-04T18:20:42.053Z [Modules] Failed installing discord_spellcheck@0: Error: ENOENT: no such file or directory, open '/opt/discord/resources/bootstrap/discord_spellcheck.zip'
2024-05-04T18:20:42.054Z [Modules] Installing discord_utils@0 from /opt/discord/resources/bootstrap/discord_utils.zip
2024-05-04T18:20:42.056Z [Modules] Failed installing discord_utils@0: Error: ENOENT: no such file or directory, open '/opt/discord/resources/bootstrap/discord_utils.zip'
2024-05-04T18:20:42.057Z [Modules] Installing discord_voice@0 from /opt/discord/resources/bootstrap/discord_voice.zip
2024-05-04T18:20:42.058Z [Modules] Failed installing discord_voice@0: Error: ENOENT: no such file or directory, open '/opt/discord/resources/bootstrap/discord_voice.zip'
2024-05-04T18:20:42.059Z [Modules] Installing discord_zstd@0 from /opt/discord/resources/bootstrap/discord_zstd.zip
2024-05-04T18:20:42.061Z [Modules] Failed installing discord_zstd@0: Error: ENOENT: no such file or directory, open '/opt/discord/resources/bootstrap/discord_zstd.zip'
2024-05-04T18:20:42.062Z [Modules] Finished module installations. [success: 0] [failure: 6]
2024-05-04T18:20:42.063Z [Modules] Checking for host updates.
2024-05-04T18:20:47.644Z [Modules] Host is up to date.
2024-05-04T18:20:47.645Z [Modules] Checking for module updates at https://discord.com/api/modules/stable/versions.json
2024-05-04T18:20:47.719Z [Modules] Module update available: discord_desktop_core@1 [installed: 0]
2024-05-04T18:20:47.719Z [Modules] Module update available: discord_erlpack@1 [installed: 0]
2024-05-04T18:20:47.720Z [Modules] Module update available: discord_spellcheck@1 [installed: 0]
2024-05-04T18:20:47.720Z [Modules] Module update available: discord_utils@1 [installed: 0]
2024-05-04T18:20:47.720Z [Modules] Module update available: discord_voice@1 [installed: 0]
2024-05-04T18:20:47.720Z [Modules] Module update available: discord_zstd@1 [installed: 0]
2024-05-04T18:20:47.721Z [Modules] Fetching discord_desktop_core@1 from https://discord.com/api/modules/stable/discord_desktop_core/1
2024-05-04T18:20:47.721Z [Modules] Streaming discord_desktop_core@1 to /home/vs/.config/discord/0.0.52/modules/pending/discord_desktop_core-1.zip
2024-05-04T18:20:48.794Z [Modules] Streaming discord_desktop_core@1 to /home/vs/.config/discord/0.0.52/modules/pending/discord_desktop_core-1.zip: 1%
2024-05-04T18:20:48.856Z [Modules] Streaming discord_desktop_core@1 to /home/vs/.config/discord/0.0.52/modules/pending/discord_desktop_core-1.zip: 2%
2024-05-04T18:20:48.949Z [Modules] Streaming discord_desktop_core@1 to /home/vs/.config/discord/0.0.52/modules/pending/discord_desktop_core-1.zip: 3%
2024-05-04T18:20:49.016Z [Modules] Streaming discord_desktop_core@1 to /home/vs/.config/discord/0.0.52/modules/pending/discord_desktop_core-1.zip: 4%
2024-05-04T18:20:49.044Z [Modules] Streaming discord_desktop_core@1 to /home/vs/.config/discord/0.0.52/modules/pending/discord_desktop_core-1.zip: 5%
2024-05-04T18:20:49.096Z [Modules] Streaming discord_desktop_core@1 to /home/vs/.config/discord/0.0.52/modules/pending/discord_desktop_core-1.zip: 6%
2024-05-04T18:20:49.122Z [Modules] Streaming discord_desktop_core@1 to /home/vs/.config/discord/0.0.52/modules/pending/discord_desktop_core-1.zip: 7%
2024-05-04T18:20:49.148Z [Modules] Streaming discord_desktop_core@1 to /home/vs/.config/discord/0.0.52/modules/pending/discord_desktop_core-1.zip: 8%
2024-05-04T18:20:49.168Z [Modules] Streaming discord_desktop_core@1 to /home/vs/.config/discord/0.0.52/modules/pending/discord_desktop_core-1.zip: 9%
2024-05-04T18:20:49.207Z [Modules] Streaming discord_desktop_core@1 to /home/vs/.config/discord/0.0.52/modules/pending/discord_desktop_core-1.zip: 10%
2024-05-04T18:20:49.209Z [Modules] Streaming discord_desktop_core@1 to /home/vs/.config/discord/0.0.52/modules/pending/discord_desktop_core-1.zip: 11%
2024-05-04T18:20:49.239Z [Modules] Streaming discord_desktop_core@1 to /home/vs/.config/discord/0.0.52/modules/pending/discord_desktop_core-1.zip: 12%
2024-05-04T18:20:49.250Z [Modules] Streaming discord_desktop_core@1 to /home/vs/.config/discord/0.0.52/modules/pending/discord_desktop_core-1.zip: 13%
2024-05-04T18:20:49.262Z [Modules] Streaming discord_desktop_core@1 to /home/vs/.config/discord/0.0.52/modules/pending/discord_desktop_core-1.zip: 14%
2024-05-04T18:20:49.281Z [Modules] Streaming discord_desktop_core@1 to /home/vs/.config/discord/0.0.52/modules/pending/discord_desktop_core-1.zip: 15%
2024-05-04T18:20:49.295Z [Modules] Streaming discord_desktop_core@1 to /home/vs/.config/discord/0.0.52/modules/pending/discord_desktop_core-1.zip: 16%
2024-05-04T18:20:49.301Z [Modules] Streaming discord_desktop_core@1 to /home/vs/.config/discord/0.0.52/modules/pending/discord_desktop_core-1.zip: 17%
2024-05-04T18:20:49.319Z [Modules] Streaming discord_desktop_core@1 to /home/vs/.config/discord/0.0.52/modules/pending/discord_desktop_core-1.zip: 18%
2024-05-04T18:20:49.324Z [Modules] Streaming discord_desktop_core@1 to /home/vs/.config/discord/0.0.52/modules/pending/discord_desktop_core-1.zip: 19%
2024-05-04T18:20:49.339Z [Modules] Streaming discord_desktop_core@1 to /home/vs/.config/discord/0.0.52/modules/pending/discord_desktop_core-1.zip: 20%
2024-05-04T18:20:49.346Z [Modules] Streaming discord_desktop_core@1 to /home/vs/.config/discord/0.0.52/modules/pending/discord_desktop_core-1.zip: 21%
2024-05-04T18:20:49.351Z [Modules] Streaming discord_desktop_core@1 to /home/vs/.config/discord/0.0.52/modules/pending/discord_desktop_core-1.zip: 22%
2024-05-04T18:20:49.363Z [Modules] Streaming discord_desktop_core@1 to /home/vs/.config/discord/0.0.52/modules/pending/discord_desktop_core-1.zip: 23%
2024-05-04T18:20:49.369Z [Modules] Streaming discord_desktop_core@1 to /home/vs/.config/discord/0.0.52/modules/pending/discord_desktop_core-1.zip: 24%
2024-05-04T18:20:49.374Z [Modules] Streaming discord_desktop_core@1 to /home/vs/.config/discord/0.0.52/modules/pending/discord_desktop_core-1.zip: 25%
2024-05-04T18:20:49.386Z [Modules] Streaming discord_desktop_core@1 to /home/vs/.config/discord/0.0.52/modules/pending/discord_desktop_core-1.zip: 26%
2024-05-04T18:20:49.396Z [Modules] Streaming discord_desktop_core@1 to /home/vs/.config/discord/0.0.52/modules/pending/discord_desktop_core-1.zip: 28%
2024-05-04T18:20:49.406Z [Modules] Streaming discord_desktop_core@1 to /home/vs/.config/discord/0.0.52/modules/pending/discord_desktop_core-1.zip: 29%
2024-05-04T18:20:49.411Z [Modules] Streaming discord_desktop_core@1 to /home/vs/.config/discord/0.0.52/modules/pending/discord_desktop_core-1.zip: 30%
2024-05-04T18:20:49.444Z [Modules] Streaming discord_desktop_core@1 to /home/vs/.config/discord/0.0.52/modules/pending/discord_desktop_core-1.zip: 33%
2024-05-04T18:20:49.445Z [Modules] Streaming discord_desktop_core@1 to /home/vs/.config/discord/0.0.52/modules/pending/discord_desktop_core-1.zip: 35%
2024-05-04T18:20:49.448Z [Modules] Streaming discord_desktop_core@1 to /home/vs/.config/discord/0.0.52/modules/pending/discord_desktop_core-1.zip: 36%
2024-05-04T18:20:49.450Z [Modules] Streaming discord_desktop_core@1 to /home/vs/.config/discord/0.0.52/modules/pending/discord_desktop_core-1.zip: 37%
2024-05-04T18:20:49.457Z [Modules] Streaming discord_desktop_core@1 to /home/vs/.config/discord/0.0.52/modules/pending/discord_desktop_core-1.zip: 38%
2024-05-04T18:20:49.460Z [Modules] Streaming discord_desktop_core@1 to /home/vs/.config/discord/0.0.52/modules/pending/discord_desktop_core-1.zip: 39%
2024-05-04T18:20:49.467Z [Modules] Streaming discord_desktop_core@1 to /home/vs/.config/discord/0.0.52/modules/pending/discord_desktop_core-1.zip: 40%
2024-05-04T18:20:49.471Z [Modules] Streaming discord_desktop_core@1 to /home/vs/.config/discord/0.0.52/modules/pending/discord_desktop_core-1.zip: 41%
2024-05-04T18:20:49.475Z [Modules] Streaming discord_desktop_core@1 to /home/vs/.config/discord/0.0.52/modules/pending/discord_desktop_core-1.zip: 42%
2024-05-04T18:20:49.485Z [Modules] Streaming discord_desktop_core@1 to /home/vs/.config/discord/0.0.52/modules/pending/discord_desktop_core-1.zip: 44%
2024-05-04T18:20:49.488Z [Modules] Streaming discord_desktop_core@1 to /home/vs/.config/discord/0.0.52/modules/pending/discord_desktop_core-1.zip: 45%
2024-05-04T18:20:49.511Z [Modules] Streaming discord_desktop_core@1 to /home/vs/.config/discord/0.0.52/modules/pending/discord_desktop_core-1.zip: 48%
2024-05-04T18:20:49.512Z [Modules] Streaming discord_desktop_core@1 to /home/vs/.config/discord/0.0.52/modules/pending/discord_desktop_core-1.zip: 51%
2024-05-04T18:20:49.515Z [Modules] Streaming discord_desktop_core@1 to /home/vs/.config/discord/0.0.52/modules/pending/discord_desktop_core-1.zip: 52%
2024-05-04T18:20:49.519Z [Modules] Streaming discord_desktop_core@1 to /home/vs/.config/discord/0.0.52/modules/pending/discord_desktop_core-1.zip: 53%
2024-05-04T18:20:49.529Z [Modules] Streaming discord_desktop_core@1 to /home/vs/.config/discord/0.0.52/modules/pending/discord_desktop_core-1.zip: 54%
2024-05-04T18:20:49.530Z [Modules] Streaming discord_desktop_core@1 to /home/vs/.config/discord/0.0.52/modules/pending/discord_desktop_core-1.zip: 56%
2024-05-04T18:20:49.534Z [Modules] Streaming discord_desktop_core@1 to /home/vs/.config/discord/0.0.52/modules/pending/discord_desktop_core-1.zip: 57%
2024-05-04T18:20:49.543Z [Modules] Streaming discord_desktop_core@1 to /home/vs/.config/discord/0.0.52/modules/pending/discord_desktop_core-1.zip: 59%
2024-05-04T18:20:49.546Z [Modules] Streaming discord_desktop_core@1 to /home/vs/.config/discord/0.0.52/modules/pending/discord_desktop_core-1.zip: 60%
2024-05-04T18:20:49.548Z [Modules] Streaming discord_desktop_core@1 to /home/vs/.config/discord/0.0.52/modules/pending/discord_desktop_core-1.zip: 61%
2024-05-04T18:20:49.551Z [Modules] Streaming discord_desktop_core@1 to /home/vs/.config/discord/0.0.52/modules/pending/discord_desktop_core-1.zip: 62%
2024-05-04T18:20:49.578Z [Modules] Streaming discord_desktop_core@1 to /home/vs/.config/discord/0.0.52/modules/pending/discord_desktop_core-1.zip: 63%
2024-05-04T18:20:49.581Z [Modules] Streaming discord_desktop_core@1 to /home/vs/.config/discord/0.0.52/modules/pending/discord_desktop_core-1.zip: 64%
2024-05-04T18:20:49.582Z [Modules] Streaming discord_desktop_core@1 to /home/vs/.config/discord/0.0.52/modules/pending/discord_desktop_core-1.zip: 65%
2024-05-04T18:20:49.585Z [Modules] Streaming discord_desktop_core@1 to /home/vs/.config/discord/0.0.52/modules/pending/discord_desktop_core-1.zip: 66%
2024-05-04T18:20:49.587Z [Modules] Streaming discord_desktop_core@1 to /home/vs/.config/discord/0.0.52/modules/pending/discord_desktop_core-1.zip: 67%
2024-05-04T18:20:49.589Z [Modules] Streaming discord_desktop_core@1 to /home/vs/.config/discord/0.0.52/modules/pending/discord_desktop_core-1.zip: 68%
2024-05-04T18:20:49.593Z [Modules] Streaming discord_desktop_core@1 to /home/vs/.config/discord/0.0.52/modules/pending/discord_desktop_core-1.zip: 69%
2024-05-04T18:20:49.601Z [Modules] Streaming discord_desktop_core@1 to /home/vs/.config/discord/0.0.52/modules/pending/discord_desktop_core-1.zip: 72%
2024-05-04T18:20:49.602Z [Modules] Streaming discord_desktop_core@1 to /home/vs/.config/discord/0.0.52/modules/pending/discord_desktop_core-1.zip: 73%
2024-05-04T18:20:49.605Z [Modules] Streaming discord_desktop_core@1 to /home/vs/.config/discord/0.0.52/modules/pending/discord_desktop_core-1.zip: 75%
2024-05-04T18:20:49.606Z [Modules] Streaming discord_desktop_core@1 to /home/vs/.config/discord/0.0.52/modules/pending/discord_desktop_core-1.zip: 76%
2024-05-04T18:20:49.608Z [Modules] Streaming discord_desktop_core@1 to /home/vs/.config/discord/0.0.52/modules/pending/discord_desktop_core-1.zip: 77%
2024-05-04T18:20:49.612Z [Modules] Streaming discord_desktop_core@1 to /home/vs/.config/discord/0.0.52/modules/pending/discord_desktop_core-1.zip: 78%
2024-05-04T18:20:49.618Z [Modules] Streaming discord_desktop_core@1 to /home/vs/.config/discord/0.0.52/modules/pending/discord_desktop_core-1.zip: 81%
2024-05-04T18:20:49.623Z [Modules] Streaming discord_desktop_core@1 to /home/vs/.config/discord/0.0.52/modules/pending/discord_desktop_core-1.zip: 82%
2024-05-04T18:20:49.627Z [Modules] Streaming discord_desktop_core@1 to /home/vs/.config/discord/0.0.52/modules/pending/discord_desktop_core-1.zip: 84%
2024-05-04T18:20:49.629Z [Modules] Streaming discord_desktop_core@1 to /home/vs/.config/discord/0.0.52/modules/pending/discord_desktop_core-1.zip: 87%
2024-05-04T18:20:49.632Z [Modules] Streaming discord_desktop_core@1 to /home/vs/.config/discord/0.0.52/modules/pending/discord_desktop_core-1.zip: 88%
2024-05-04T18:20:49.636Z [Modules] Streaming discord_desktop_core@1 to /home/vs/.config/discord/0.0.52/modules/pending/discord_desktop_core-1.zip: 91%
2024-05-04T18:20:49.643Z [Modules] Streaming discord_desktop_core@1 to /home/vs/.config/discord/0.0.52/modules/pending/discord_desktop_core-1.zip: 94%
2024-05-04T18:20:49.644Z [Modules] Streaming discord_desktop_core@1 to /home/vs/.config/discord/0.0.52/modules/pending/discord_desktop_core-1.zip: 95%
2024-05-04T18:20:49.650Z [Modules] Streaming discord_desktop_core@1 to /home/vs/.config/discord/0.0.52/modules/pending/discord_desktop_core-1.zip: 98%
2024-05-04T18:20:49.652Z [Modules] Streaming discord_desktop_core@1 to /home/vs/.config/discord/0.0.52/modules/pending/discord_desktop_core-1.zip: 100%
2024-05-04T18:20:49.654Z [Modules] Fetching discord_erlpack@1 from https://discord.com/api/modules/stable/discord_erlpack/1
2024-05-04T18:20:49.654Z [Modules] Streaming discord_erlpack@1 to /home/vs/.config/discord/0.0.52/modules/pending/discord_erlpack-1.zip
2024-05-04T18:20:50.224Z [Modules] Streaming discord_erlpack@1 to /home/vs/.config/discord/0.0.52/modules/pending/discord_erlpack-1.zip: 3%
2024-05-04T18:20:50.224Z [Modules] Streaming discord_erlpack@1 to /home/vs/.config/discord/0.0.52/modules/pending/discord_erlpack-1.zip: 5%
2024-05-04T18:20:50.227Z [Modules] Streaming discord_erlpack@1 to /home/vs/.config/discord/0.0.52/modules/pending/discord_erlpack-1.zip: 8%
2024-05-04T18:20:50.227Z [Modules] Streaming discord_erlpack@1 to /home/vs/.config/discord/0.0.52/modules/pending/discord_erlpack-1.zip: 10%
2024-05-04T18:20:50.230Z [Modules] Streaming discord_erlpack@1 to /home/vs/.config/discord/0.0.52/modules/pending/discord_erlpack-1.zip: 16%
2024-05-04T18:20:50.231Z [Modules] Streaming discord_erlpack@1 to /home/vs/.config/discord/0.0.52/modules/pending/discord_erlpack-1.zip: 19%
2024-05-04T18:20:50.233Z [Modules] Streaming discord_erlpack@1 to /home/vs/.config/discord/0.0.52/modules/pending/discord_erlpack-1.zip: 21%
2024-05-04T18:20:50.234Z [Modules] Streaming discord_erlpack@1 to /home/vs/.config/discord/0.0.52/modules/pending/discord_erlpack-1.zip: 25%
2024-05-04T18:20:50.239Z [Modules] Streaming discord_erlpack@1 to /home/vs/.config/discord/0.0.52/modules/pending/discord_erlpack-1.zip: 26%
2024-05-04T18:20:50.245Z [Modules] Streaming discord_erlpack@1 to /home/vs/.config/discord/0.0.52/modules/pending/discord_erlpack-1.zip: 29%
2024-05-04T18:20:50.246Z [Modules] Streaming discord_erlpack@1 to /home/vs/.config/discord/0.0.52/modules/pending/discord_erlpack-1.zip: 31%
2024-05-04T18:20:50.256Z [Modules] Streaming discord_erlpack@1 to /home/vs/.config/discord/0.0.52/modules/pending/discord_erlpack-1.zip: 34%
2024-05-04T18:20:50.256Z [Modules] Streaming discord_erlpack@1 to /home/vs/.config/discord/0.0.52/modules/pending/discord_erlpack-1.zip: 36%
2024-05-04T18:20:50.258Z [Modules] Streaming discord_erlpack@1 to /home/vs/.config/discord/0.0.52/modules/pending/discord_erlpack-1.zip: 39%
2024-05-04T18:20:50.258Z [Modules] Streaming discord_erlpack@1 to /home/vs/.config/discord/0.0.52/modules/pending/discord_erlpack-1.zip: 42%
2024-05-04T18:20:50.260Z [Modules] Streaming discord_erlpack@1 to /home/vs/.config/discord/0.0.52/modules/pending/discord_erlpack-1.zip: 45%
2024-05-04T18:20:50.260Z [Modules] Streaming discord_erlpack@1 to /home/vs/.config/discord/0.0.52/modules/pending/discord_erlpack-1.zip: 47%
2024-05-04T18:20:50.265Z [Modules] Streaming discord_erlpack@1 to /home/vs/.config/discord/0.0.52/modules/pending/discord_erlpack-1.zip: 50%
2024-05-04T18:20:50.268Z [Modules] Streaming discord_erlpack@1 to /home/vs/.config/discord/0.0.52/modules/pending/discord_erlpack-1.zip: 55%
2024-05-04T18:20:50.268Z [Modules] Streaming discord_erlpack@1 to /home/vs/.config/discord/0.0.52/modules/pending/discord_erlpack-1.zip: 57%
2024-05-04T18:20:50.269Z [Modules] Streaming discord_erlpack@1 to /home/vs/.config/discord/0.0.52/modules/pending/discord_erlpack-1.zip: 60%
2024-05-04T18:20:50.270Z [Modules] Streaming discord_erlpack@1 to /home/vs/.config/discord/0.0.52/modules/pending/discord_erlpack-1.zip: 62%
2024-05-04T18:20:50.272Z [Modules] Streaming discord_erlpack@1 to /home/vs/.config/discord/0.0.52/modules/pending/discord_erlpack-1.zip: 66%
2024-05-04T18:20:50.272Z [Modules] Streaming discord_erlpack@1 to /home/vs/.config/discord/0.0.52/modules/pending/discord_erlpack-1.zip: 68%
2024-05-04T18:20:50.274Z [Modules] Streaming discord_erlpack@1 to /home/vs/.config/discord/0.0.52/modules/pending/discord_erlpack-1.zip: 71%
2024-05-04T18:20:50.275Z [Modules] Streaming discord_erlpack@1 to /home/vs/.config/discord/0.0.52/modules/pending/discord_erlpack-1.zip: 73%
2024-05-04T18:20:50.277Z [Modules] Streaming discord_erlpack@1 to /home/vs/.config/discord/0.0.52/modules/pending/discord_erlpack-1.zip: 76%
2024-05-04T18:20:50.281Z [Modules] Streaming discord_erlpack@1 to /home/vs/.config/discord/0.0.52/modules/pending/discord_erlpack-1.zip: 79%
2024-05-04T18:20:50.283Z [Modules] Streaming discord_erlpack@1 to /home/vs/.config/discord/0.0.52/modules/pending/discord_erlpack-1.zip: 82%
2024-05-04T18:20:50.285Z [Modules] Streaming discord_erlpack@1 to /home/vs/.config/discord/0.0.52/modules/pending/discord_erlpack-1.zip: 83%
2024-05-04T18:20:50.288Z [Modules] Streaming discord_erlpack@1 to /home/vs/.config/discord/0.0.52/modules/pending/discord_erlpack-1.zip: 87%
2024-05-04T18:20:50.289Z [Modules] Streaming discord_erlpack@1 to /home/vs/.config/discord/0.0.52/modules/pending/discord_erlpack-1.zip: 88%
2024-05-04T18:20:50.290Z [Modules] Streaming discord_erlpack@1 to /home/vs/.config/discord/0.0.52/modules/pending/discord_erlpack-1.zip: 92%
2024-05-04T18:20:50.293Z [Modules] Streaming discord_erlpack@1 to /home/vs/.config/discord/0.0.52/modules/pending/discord_erlpack-1.zip: 94%
2024-05-04T18:20:50.295Z [Modules] Streaming discord_erlpack@1 to /home/vs/.config/discord/0.0.52/modules/pending/discord_erlpack-1.zip: 98%
2024-05-04T18:20:50.299Z [Modules] Streaming discord_erlpack@1 to /home/vs/.config/discord/0.0.52/modules/pending/discord_erlpack-1.zip: 100%
2024-05-04T18:20:50.300Z [Modules] Fetching discord_spellcheck@1 from https://discord.com/api/modules/stable/discord_spellcheck/1
2024-05-04T18:20:50.301Z [Modules] Streaming discord_spellcheck@1 to /home/vs/.config/discord/0.0.52/modules/pending/discord_spellcheck-1.zip
2024-05-04T18:20:50.843Z [Modules] Streaming discord_spellcheck@1 to /home/vs/.config/discord/0.0.52/modules/pending/discord_spellcheck-1.zip: 1%
2024-05-04T18:20:50.847Z [Modules] Streaming discord_spellcheck@1 to /home/vs/.config/discord/0.0.52/modules/pending/discord_spellcheck-1.zip: 2%
2024-05-04T18:20:50.862Z [Modules] Streaming discord_spellcheck@1 to /home/vs/.config/discord/0.0.52/modules/pending/discord_spellcheck-1.zip: 3%
2024-05-04T18:20:50.865Z [Modules] Streaming discord_spellcheck@1 to /home/vs/.config/discord/0.0.52/modules/pending/discord_spellcheck-1.zip: 4%
2024-05-04T18:20:50.867Z [Modules] Streaming discord_spellcheck@1 to /home/vs/.config/discord/0.0.52/modules/pending/discord_spellcheck-1.zip: 5%
2024-05-04T18:20:50.874Z [Modules] Streaming discord_spellcheck@1 to /home/vs/.config/discord/0.0.52/modules/pending/discord_spellcheck-1.zip: 6%
2024-05-04T18:20:50.883Z [Modules] Streaming discord_spellcheck@1 to /home/vs/.config/discord/0.0.52/modules/pending/discord_spellcheck-1.zip: 7%
2024-05-04T18:20:50.886Z [Modules] Streaming discord_spellcheck@1 to /home/vs/.config/discord/0.0.52/modules/pending/discord_spellcheck-1.zip: 8%
2024-05-04T18:20:50.889Z [Modules] Streaming discord_spellcheck@1 to /home/vs/.config/discord/0.0.52/modules/pending/discord_spellcheck-1.zip: 9%
2024-05-04T18:20:50.938Z [Modules] Streaming discord_spellcheck@1 to /home/vs/.config/discord/0.0.52/modules/pending/discord_spellcheck-1.zip: 10%
2024-05-04T18:20:50.940Z [Modules] Streaming discord_spellcheck@1 to /home/vs/.config/discord/0.0.52/modules/pending/discord_spellcheck-1.zip: 11%
2024-05-04T18:20:50.942Z [Modules] Streaming discord_spellcheck@1 to /home/vs/.config/discord/0.0.52/modules/pending/discord_spellcheck-1.zip: 12%
2024-05-04T18:20:50.943Z [Modules] Streaming discord_spellcheck@1 to /home/vs/.config/discord/0.0.52/modules/pending/discord_spellcheck-1.zip: 13%
2024-05-04T18:20:50.946Z [Modules] Streaming discord_spellcheck@1 to /home/vs/.config/discord/0.0.52/modules/pending/discord_spellcheck-1.zip: 14%
2024-05-04T18:20:50.950Z [Modules] Streaming discord_spellcheck@1 to /home/vs/.config/discord/0.0.52/modules/pending/discord_spellcheck-1.zip: 15%
2024-05-04T18:20:50.967Z [Modules] Streaming discord_spellcheck@1 to /home/vs/.config/discord/0.0.52/modules/pending/discord_spellcheck-1.zip: 16%
2024-05-04T18:20:50.969Z [Modules] Streaming discord_spellcheck@1 to /home/vs/.config/discord/0.0.52/modules/pending/discord_spellcheck-1.zip: 17%
2024-05-04T18:20:50.971Z [Modules] Streaming discord_spellcheck@1 to /home/vs/.config/discord/0.0.52/modules/pending/discord_spellcheck-1.zip: 18%
2024-05-04T18:20:50.974Z [Modules] Streaming discord_spellcheck@1 to /home/vs/.config/discord/0.0.52/modules/pending/discord_spellcheck-1.zip: 19%
2024-05-04T18:20:50.975Z [Modules] Streaming discord_spellcheck@1 to /home/vs/.config/discord/0.0.52/modules/pending/discord_spellcheck-1.zip: 20%
2024-05-04T18:20:50.992Z [Modules] Streaming discord_spellcheck@1 to /home/vs/.config/discord/0.0.52/modules/pending/discord_spellcheck-1.zip: 21%
2024-05-04T18:20:50.999Z [Modules] Streaming discord_spellcheck@1 to /home/vs/.config/discord/0.0.52/modules/pending/discord_spellcheck-1.zip: 22%
2024-05-04T18:20:51.009Z [Modules] Streaming discord_spellcheck@1 to /home/vs/.config/discord/0.0.52/modules/pending/discord_spellcheck-1.zip: 23%
2024-05-04T18:20:51.011Z [Modules] Streaming discord_spellcheck@1 to /home/vs/.config/discord/0.0.52/modules/pending/discord_spellcheck-1.zip: 24%
2024-05-04T18:20:51.013Z [Modules] Streaming discord_spellcheck@1 to /home/vs/.config/discord/0.0.52/modules/pending/discord_spellcheck-1.zip: 25%
2024-05-04T18:20:51.015Z [Modules] Streaming discord_spellcheck@1 to /home/vs/.config/discord/0.0.52/modules/pending/discord_spellcheck-1.zip: 26%
2024-05-04T18:20:51.019Z [Modules] Streaming discord_spellcheck@1 to /home/vs/.config/discord/0.0.52/modules/pending/discord_spellcheck-1.zip: 27%
2024-05-04T18:20:51.024Z [Modules] Streaming discord_spellcheck@1 to /home/vs/.config/discord/0.0.52/modules/pending/discord_spellcheck-1.zip: 28%
2024-05-04T18:20:51.069Z [Modules] Streaming discord_spellcheck@1 to /home/vs/.config/discord/0.0.52/modules/pending/discord_spellcheck-1.zip: 29%
2024-05-04T18:20:51.095Z [Modules] Streaming discord_spellcheck@1 to /home/vs/.config/discord/0.0.52/modules/pending/discord_spellcheck-1.zip: 30%
2024-05-04T18:20:51.098Z [Modules] Streaming discord_spellcheck@1 to /home/vs/.config/discord/0.0.52/modules/pending/discord_spellcheck-1.zip: 31%
2024-05-04T18:20:51.101Z [Modules] Streaming discord_spellcheck@1 to /home/vs/.config/discord/0.0.52/modules/pending/discord_spellcheck-1.zip: 32%
2024-05-04T18:20:51.111Z [Modules] Streaming discord_spellcheck@1 to /home/vs/.config/discord/0.0.52/modules/pending/discord_spellcheck-1.zip: 33%
2024-05-04T18:20:51.112Z [Modules] Streaming discord_spellcheck@1 to /home/vs/.config/discord/0.0.52/modules/pending/discord_spellcheck-1.zip: 34%
2024-05-04T18:20:51.112Z [Modules] Streaming discord_spellcheck@1 to /home/vs/.config/discord/0.0.52/modules/pending/discord_spellcheck-1.zip: 35%
2024-05-04T18:20:51.114Z [Modules] Streaming discord_spellcheck@1 to /home/vs/.config/discord/0.0.52/modules/pending/discord_spellcheck-1.zip: 36%
2024-05-04T18:20:51.116Z [Modules] Streaming discord_spellcheck@1 to /home/vs/.config/discord/0.0.52/modules/pending/discord_spellcheck-1.zip: 37%
2024-05-04T18:20:51.124Z [Modules] Streaming discord_spellcheck@1 to /home/vs/.config/discord/0.0.52/modules/pending/discord_spellcheck-1.zip: 38%
2024-05-04T18:20:51.126Z [Modules] Streaming discord_spellcheck@1 to /home/vs/.config/discord/0.0.52/modules/pending/discord_spellcheck-1.zip: 39%
2024-05-04T18:20:51.127Z [Modules] Streaming discord_spellcheck@1 to /home/vs/.config/discord/0.0.52/modules/pending/discord_spellcheck-1.zip: 40%
2024-05-04T18:20:51.130Z [Modules] Streaming discord_spellcheck@1 to /home/vs/.config/discord/0.0.52/modules/pending/discord_spellcheck-1.zip: 41%
2024-05-04T18:20:51.155Z [Modules] Streaming discord_spellcheck@1 to /home/vs/.config/discord/0.0.52/modules/pending/discord_spellcheck-1.zip: 42%
2024-05-04T18:20:51.187Z [Modules] Streaming discord_spellcheck@1 to /home/vs/.config/discord/0.0.52/modules/pending/discord_spellcheck-1.zip: 43%
2024-05-04T18:20:51.189Z [Modules] Streaming discord_spellcheck@1 to /home/vs/.config/discord/0.0.52/modules/pending/discord_spellcheck-1.zip: 44%
2024-05-04T18:20:51.191Z [Modules] Streaming discord_spellcheck@1 to /home/vs/.config/discord/0.0.52/modules/pending/discord_spellcheck-1.zip: 45%
2024-05-04T18:20:51.193Z [Modules] Streaming discord_spellcheck@1 to /home/vs/.config/discord/0.0.52/modules/pending/discord_spellcheck-1.zip: 46%
2024-05-04T18:20:51.195Z [Modules] Streaming discord_spellcheck@1 to /home/vs/.config/discord/0.0.52/modules/pending/discord_spellcheck-1.zip: 47%
2024-05-04T18:20:51.196Z [Modules] Streaming discord_spellcheck@1 to /home/vs/.config/discord/0.0.52/modules/pending/discord_spellcheck-1.zip: 48%
2024-05-04T18:20:51.222Z [Modules] Streaming discord_spellcheck@1 to /home/vs/.config/discord/0.0.52/modules/pending/discord_spellcheck-1.zip: 49%
2024-05-04T18:20:51.230Z [Modules] Streaming discord_spellcheck@1 to /home/vs/.config/discord/0.0.52/modules/pending/discord_spellcheck-1.zip: 50%
2024-05-04T18:20:51.279Z [Modules] Streaming discord_spellcheck@1 to /home/vs/.config/discord/0.0.52/modules/pending/discord_spellcheck-1.zip: 51%
2024-05-04T18:20:51.282Z [Modules] Streaming discord_spellcheck@1 to /home/vs/.config/discord/0.0.52/modules/pending/discord_spellcheck-1.zip: 52%
2024-05-04T18:20:51.284Z [Modules] Streaming discord_spellcheck@1 to /home/vs/.config/discord/0.0.52/modules/pending/discord_spellcheck-1.zip: 53%
2024-05-04T18:20:51.285Z [Modules] Streaming discord_spellcheck@1 to /home/vs/.config/discord/0.0.52/modules/pending/discord_spellcheck-1.zip: 54%
2024-05-04T18:20:51.288Z [Modules] Streaming discord_spellcheck@1 to /home/vs/.config/discord/0.0.52/modules/pending/discord_spellcheck-1.zip: 55%
2024-05-04T18:20:51.290Z [Modules] Streaming discord_spellcheck@1 to /home/vs/.config/discord/0.0.52/modules/pending/discord_spellcheck-1.zip: 56%
2024-05-04T18:20:51.292Z [Modules] Streaming discord_spellcheck@1 to /home/vs/.config/discord/0.0.52/modules/pending/discord_spellcheck-1.zip: 57%
2024-05-04T18:20:51.294Z [Modules] Streaming discord_spellcheck@1 to /home/vs/.config/discord/0.0.52/modules/pending/discord_spellcheck-1.zip: 58%
2024-05-04T18:20:51.300Z [Modules] Streaming discord_spellcheck@1 to /home/vs/.config/discord/0.0.52/modules/pending/discord_spellcheck-1.zip: 59%
2024-05-04T18:20:51.305Z [Modules] Streaming discord_spellcheck@1 to /home/vs/.config/discord/0.0.52/modules/pending/discord_spellcheck-1.zip: 60%
2024-05-04T18:20:51.331Z [Modules] Streaming discord_spellcheck@1 to /home/vs/.config/discord/0.0.52/modules/pending/discord_spellcheck-1.zip: 61%
2024-05-04T18:20:51.333Z [Modules] Streaming discord_spellcheck@1 to /home/vs/.config/discord/0.0.52/modules/pending/discord_spellcheck-1.zip: 62%
2024-05-04T18:20:51.352Z [Modules] Streaming discord_spellcheck@1 to /home/vs/.config/discord/0.0.52/modules/pending/discord_spellcheck-1.zip: 63%
2024-05-04T18:20:51.355Z [Modules] Streaming discord_spellcheck@1 to /home/vs/.config/discord/0.0.52/modules/pending/discord_spellcheck-1.zip: 64%
2024-05-04T18:20:51.357Z [Modules] Streaming discord_spellcheck@1 to /home/vs/.config/discord/0.0.52/modules/pending/discord_spellcheck-1.zip: 65%
2024-05-04T18:20:51.359Z [Modules] Streaming discord_spellcheck@1 to /home/vs/.config/discord/0.0.52/modules/pending/discord_spellcheck-1.zip: 66%
2024-05-04T18:20:51.377Z [Modules] Streaming discord_spellcheck@1 to /home/vs/.config/discord/0.0.52/modules/pending/discord_spellcheck-1.zip: 67%
2024-05-04T18:20:51.379Z [Modules] Streaming discord_spellcheck@1 to /home/vs/.config/discord/0.0.52/modules/pending/discord_spellcheck-1.zip: 68%
2024-05-04T18:20:51.383Z [Modules] Streaming discord_spellcheck@1 to /home/vs/.config/discord/0.0.52/modules/pending/discord_spellcheck-1.zip: 69%
2024-05-04T18:20:51.385Z [Modules] Streaming discord_spellcheck@1 to /home/vs/.config/discord/0.0.52/modules/pending/discord_spellcheck-1.zip: 70%
2024-05-04T18:20:51.432Z [Modules] Streaming discord_spellcheck@1 to /home/vs/.config/discord/0.0.52/modules/pending/discord_spellcheck-1.zip: 71%
2024-05-04T18:20:51.436Z [Modules] Streaming discord_spellcheck@1 to /home/vs/.config/discord/0.0.52/modules/pending/discord_spellcheck-1.zip: 72%
2024-05-04T18:20:51.438Z [Modules] Streaming discord_spellcheck@1 to /home/vs/.config/discord/0.0.52/modules/pending/discord_spellcheck-1.zip: 73%
2024-05-04T18:20:51.439Z [Modules] Streaming discord_spellcheck@1 to /home/vs/.config/discord/0.0.52/modules/pending/discord_spellcheck-1.zip: 74%
2024-05-04T18:20:51.441Z [Modules] Streaming discord_spellcheck@1 to /home/vs/.config/discord/0.0.52/modules/pending/discord_spellcheck-1.zip: 75%
2024-05-04T18:20:51.443Z [Modules] Streaming discord_spellcheck@1 to /home/vs/.config/discord/0.0.52/modules/pending/discord_spellcheck-1.zip: 76%
2024-05-04T18:20:51.445Z [Modules] Streaming discord_spellcheck@1 to /home/vs/.config/discord/0.0.52/modules/pending/discord_spellcheck-1.zip: 77%
2024-05-04T18:20:51.464Z [Modules] Streaming discord_spellcheck@1 to /home/vs/.config/discord/0.0.52/modules/pending/discord_spellcheck-1.zip: 78%
2024-05-04T18:20:51.484Z [Modules] Streaming discord_spellcheck@1 to /home/vs/.config/discord/0.0.52/modules/pending/discord_spellcheck-1.zip: 79%
2024-05-04T18:20:51.486Z [Modules] Streaming discord_spellcheck@1 to /home/vs/.config/discord/0.0.52/modules/pending/discord_spellcheck-1.zip: 80%
2024-05-04T18:20:51.489Z [Modules] Streaming discord_spellcheck@1 to /home/vs/.config/discord/0.0.52/modules/pending/discord_spellcheck-1.zip: 81%
2024-05-04T18:20:51.511Z [Modules] Streaming discord_spellcheck@1 to /home/vs/.config/discord/0.0.52/modules/pending/discord_spellcheck-1.zip: 82%
2024-05-04T18:20:51.516Z [Modules] Streaming discord_spellcheck@1 to /home/vs/.config/discord/0.0.52/modules/pending/discord_spellcheck-1.zip: 83%
2024-05-04T18:20:51.517Z [Modules] Streaming discord_spellcheck@1 to /home/vs/.config/discord/0.0.52/modules/pending/discord_spellcheck-1.zip: 84%
2024-05-04T18:20:51.520Z [Modules] Streaming discord_spellcheck@1 to /home/vs/.config/discord/0.0.52/modules/pending/discord_spellcheck-1.zip: 85%
2024-05-04T18:20:51.524Z [Modules] Streaming discord_spellcheck@1 to /home/vs/.config/discord/0.0.52/modules/pending/discord_spellcheck-1.zip: 86%
2024-05-04T18:20:51.525Z [Modules] Streaming discord_spellcheck@1 to /home/vs/.config/discord/0.0.52/modules/pending/discord_spellcheck-1.zip: 87%
2024-05-04T18:20:51.529Z [Modules] Streaming discord_spellcheck@1 to /home/vs/.config/discord/0.0.52/modules/pending/discord_spellcheck-1.zip: 88%
2024-05-04T18:20:51.531Z [Modules] Streaming discord_spellcheck@1 to /home/vs/.config/discord/0.0.52/modules/pending/discord_spellcheck-1.zip: 89%
2024-05-04T18:20:51.564Z [Modules] Streaming discord_spellcheck@1 to /home/vs/.config/discord/0.0.52/modules/pending/discord_spellcheck-1.zip: 90%
2024-05-04T18:20:51.598Z [Modules] Streaming discord_spellcheck@1 to /home/vs/.config/discord/0.0.52/modules/pending/discord_spellcheck-1.zip: 91%
2024-05-04T18:20:51.601Z [Modules] Streaming discord_spellcheck@1 to /home/vs/.config/discord/0.0.52/modules/pending/discord_spellcheck-1.zip: 92%
2024-05-04T18:20:51.604Z [Modules] Streaming discord_spellcheck@1 to /home/vs/.config/discord/0.0.52/modules/pending/discord_spellcheck-1.zip: 93%
2024-05-04T18:20:51.606Z [Modules] Streaming discord_spellcheck@1 to /home/vs/.config/discord/0.0.52/modules/pending/discord_spellcheck-1.zip: 94%
2024-05-04T18:20:51.612Z [Modules] Streaming discord_spellcheck@1 to /home/vs/.config/discord/0.0.52/modules/pending/discord_spellcheck-1.zip: 95%
2024-05-04T18:20:51.613Z [Modules] Streaming discord_spellcheck@1 to /home/vs/.config/discord/0.0.52/modules/pending/discord_spellcheck-1.zip: 96%
2024-05-04T18:20:51.619Z [Modules] Streaming discord_spellcheck@1 to /home/vs/.config/discord/0.0.52/modules/pending/discord_spellcheck-1.zip: 97%
2024-05-04T18:20:51.622Z [Modules] Streaming discord_spellcheck@1 to /home/vs/.config/discord/0.0.52/modules/pending/discord_spellcheck-1.zip: 98%
2024-05-04T18:20:51.626Z [Modules] Streaming discord_spellcheck@1 to /home/vs/.config/discord/0.0.52/modules/pending/discord_spellcheck-1.zip: 99%
2024-05-04T18:20:51.626Z [Modules] Streaming discord_spellcheck@1 to /home/vs/.config/discord/0.0.52/modules/pending/discord_spellcheck-1.zip: 100%
2024-05-04T18:20:51.627Z [Modules] Fetching discord_utils@1 from https://discord.com/api/modules/stable/discord_utils/1
2024-05-04T18:20:51.627Z [Modules] Streaming discord_utils@1 to /home/vs/.config/discord/0.0.52/modules/pending/discord_utils-1.zip
2024-05-04T18:20:52.195Z [Modules] Streaming discord_utils@1 to /home/vs/.config/discord/0.0.52/modules/pending/discord_utils-1.zip: 2%
2024-05-04T18:20:52.196Z [Modules] Streaming discord_utils@1 to /home/vs/.config/discord/0.0.52/modules/pending/discord_utils-1.zip: 3%
2024-05-04T18:20:52.199Z [Modules] Streaming discord_utils@1 to /home/vs/.config/discord/0.0.52/modules/pending/discord_utils-1.zip: 5%
2024-05-04T18:20:52.199Z [Modules] Streaming discord_utils@1 to /home/vs/.config/discord/0.0.52/modules/pending/discord_utils-1.zip: 6%
2024-05-04T18:20:52.200Z [Modules] Streaming discord_utils@1 to /home/vs/.config/discord/0.0.52/modules/pending/discord_utils-1.zip: 9%
2024-05-04T18:20:52.202Z [Modules] Streaming discord_utils@1 to /home/vs/.config/discord/0.0.52/modules/pending/discord_utils-1.zip: 11%
2024-05-04T18:20:52.202Z [Modules] Streaming discord_utils@1 to /home/vs/.config/discord/0.0.52/modules/pending/discord_utils-1.zip: 12%
2024-05-04T18:20:52.204Z [Modules] Streaming discord_utils@1 to /home/vs/.config/discord/0.0.52/modules/pending/discord_utils-1.zip: 14%
2024-05-04T18:20:52.205Z [Modules] Streaming discord_utils@1 to /home/vs/.config/discord/0.0.52/modules/pending/discord_utils-1.zip: 16%
2024-05-04T18:20:52.206Z [Modules] Streaming discord_utils@1 to /home/vs/.config/discord/0.0.52/modules/pending/discord_utils-1.zip: 18%
2024-05-04T18:20:52.207Z [Modules] Streaming discord_utils@1 to /home/vs/.config/discord/0.0.52/modules/pending/discord_utils-1.zip: 19%
2024-05-04T18:20:52.208Z [Modules] Streaming discord_utils@1 to /home/vs/.config/discord/0.0.52/modules/pending/discord_utils-1.zip: 21%
2024-05-04T18:20:52.209Z [Modules] Streaming discord_utils@1 to /home/vs/.config/discord/0.0.52/modules/pending/discord_utils-1.zip: 22%
2024-05-04T18:20:52.211Z [Modules] Streaming discord_utils@1 to /home/vs/.config/discord/0.0.52/modules/pending/discord_utils-1.zip: 24%
2024-05-04T18:20:52.211Z [Modules] Streaming discord_utils@1 to /home/vs/.config/discord/0.0.52/modules/pending/discord_utils-1.zip: 25%
2024-05-04T18:20:52.213Z [Modules] Streaming discord_utils@1 to /home/vs/.config/discord/0.0.52/modules/pending/discord_utils-1.zip: 27%
2024-05-04T18:20:52.213Z [Modules] Streaming discord_utils@1 to /home/vs/.config/discord/0.0.52/modules/pending/discord_utils-1.zip: 28%
2024-05-04T18:20:52.216Z [Modules] Streaming discord_utils@1 to /home/vs/.config/discord/0.0.52/modules/pending/discord_utils-1.zip: 30%
2024-05-04T18:20:52.217Z [Modules] Streaming discord_utils@1 to /home/vs/.config/discord/0.0.52/modules/pending/discord_utils-1.zip: 32%
2024-05-04T18:20:52.217Z [Modules] Streaming discord_utils@1 to /home/vs/.config/discord/0.0.52/modules/pending/discord_utils-1.zip: 34%
2024-05-04T18:20:52.218Z [Modules] Streaming discord_utils@1 to /home/vs/.config/discord/0.0.52/modules/pending/discord_utils-1.zip: 35%
2024-05-04T18:20:52.219Z [Modules] Streaming discord_utils@1 to /home/vs/.config/discord/0.0.52/modules/pending/discord_utils-1.zip: 37%
2024-05-04T18:20:52.220Z [Modules] Streaming discord_utils@1 to /home/vs/.config/discord/0.0.52/modules/pending/discord_utils-1.zip: 38%
2024-05-04T18:20:52.221Z [Modules] Streaming discord_utils@1 to /home/vs/.config/discord/0.0.52/modules/pending/discord_utils-1.zip: 40%
2024-05-04T18:20:52.223Z [Modules] Streaming discord_utils@1 to /home/vs/.config/discord/0.0.52/modules/pending/discord_utils-1.zip: 41%
2024-05-04T18:20:52.224Z [Modules] Streaming discord_utils@1 to /home/vs/.config/discord/0.0.52/modules/pending/discord_utils-1.zip: 43%
2024-05-04T18:20:52.225Z [Modules] Streaming discord_utils@1 to /home/vs/.config/discord/0.0.52/modules/pending/discord_utils-1.zip: 45%
2024-05-04T18:20:52.226Z [Modules] Streaming discord_utils@1 to /home/vs/.config/discord/0.0.52/modules/pending/discord_utils-1.zip: 47%
2024-05-04T18:20:52.227Z [Modules] Streaming discord_utils@1 to /home/vs/.config/discord/0.0.52/modules/pending/discord_utils-1.zip: 48%
2024-05-04T18:20:52.228Z [Modules] Streaming discord_utils@1 to /home/vs/.config/discord/0.0.52/modules/pending/discord_utils-1.zip: 50%
2024-05-04T18:20:52.229Z [Modules] Streaming discord_utils@1 to /home/vs/.config/discord/0.0.52/modules/pending/discord_utils-1.zip: 51%
2024-05-04T18:20:52.230Z [Modules] Streaming discord_utils@1 to /home/vs/.config/discord/0.0.52/modules/pending/discord_utils-1.zip: 53%
2024-05-04T18:20:52.231Z [Modules] Streaming discord_utils@1 to /home/vs/.config/discord/0.0.52/modules/pending/discord_utils-1.zip: 54%
2024-05-04T18:20:52.233Z [Modules] Streaming discord_utils@1 to /home/vs/.config/discord/0.0.52/modules/pending/discord_utils-1.zip: 56%
2024-05-04T18:20:52.234Z [Modules] Streaming discord_utils@1 to /home/vs/.config/discord/0.0.52/modules/pending/discord_utils-1.zip: 59%
2024-05-04T18:20:52.236Z [Modules] Streaming discord_utils@1 to /home/vs/.config/discord/0.0.52/modules/pending/discord_utils-1.zip: 61%
2024-05-04T18:20:52.236Z [Modules] Streaming discord_utils@1 to /home/vs/.config/discord/0.0.52/modules/pending/discord_utils-1.zip: 62%
2024-05-04T18:20:52.327Z [Modules] Streaming discord_utils@1 to /home/vs/.config/discord/0.0.52/modules/pending/discord_utils-1.zip: 63%
2024-05-04T18:20:52.347Z [Modules] Streaming discord_utils@1 to /home/vs/.config/discord/0.0.52/modules/pending/discord_utils-1.zip: 64%
2024-05-04T18:20:52.349Z [Modules] Streaming discord_utils@1 to /home/vs/.config/discord/0.0.52/modules/pending/discord_utils-1.zip: 66%
2024-05-04T18:20:52.350Z [Modules] Streaming discord_utils@1 to /home/vs/.config/discord/0.0.52/modules/pending/discord_utils-1.zip: 68%
2024-05-04T18:20:52.351Z [Modules] Streaming discord_utils@1 to /home/vs/.config/discord/0.0.52/modules/pending/discord_utils-1.zip: 70%
2024-05-04T18:20:52.353Z [Modules] Streaming discord_utils@1 to /home/vs/.config/discord/0.0.52/modules/pending/discord_utils-1.zip: 72%
2024-05-04T18:20:52.355Z [Modules] Streaming discord_utils@1 to /home/vs/.config/discord/0.0.52/modules/pending/discord_utils-1.zip: 74%
2024-05-04T18:20:52.382Z [Modules] Streaming discord_utils@1 to /home/vs/.config/discord/0.0.52/modules/pending/discord_utils-1.zip: 76%
2024-05-04T18:20:52.382Z [Modules] Streaming discord_utils@1 to /home/vs/.config/discord/0.0.52/modules/pending/discord_utils-1.zip: 78%
2024-05-04T18:20:52.384Z [Modules] Streaming discord_utils@1 to /home/vs/.config/discord/0.0.52/modules/pending/discord_utils-1.zip: 80%
2024-05-04T18:20:52.384Z [Modules] Streaming discord_utils@1 to /home/vs/.config/discord/0.0.52/modules/pending/discord_utils-1.zip: 81%
2024-05-04T18:20:52.398Z [Modules] Streaming discord_utils@1 to /home/vs/.config/discord/0.0.52/modules/pending/discord_utils-1.zip: 83%
2024-05-04T18:20:52.404Z [Modules] Streaming discord_utils@1 to /home/vs/.config/discord/0.0.52/modules/pending/discord_utils-1.zip: 84%
2024-05-04T18:20:52.405Z [Modules] Streaming discord_utils@1 to /home/vs/.config/discord/0.0.52/modules/pending/discord_utils-1.zip: 86%
2024-05-04T18:20:52.405Z [Modules] Streaming discord_utils@1 to /home/vs/.config/discord/0.0.52/modules/pending/discord_utils-1.zip: 87%
2024-05-04T18:20:52.407Z [Modules] Streaming discord_utils@1 to /home/vs/.config/discord/0.0.52/modules/pending/discord_utils-1.zip: 89%
2024-05-04T18:20:52.407Z [Modules] Streaming discord_utils@1 to /home/vs/.config/discord/0.0.52/modules/pending/discord_utils-1.zip: 91%
2024-05-04T18:20:52.409Z [Modules] Streaming discord_utils@1 to /home/vs/.config/discord/0.0.52/modules/pending/discord_utils-1.zip: 93%
2024-05-04T18:20:52.410Z [Modules] Streaming discord_utils@1 to /home/vs/.config/discord/0.0.52/modules/pending/discord_utils-1.zip: 94%
2024-05-04T18:20:52.411Z [Modules] Streaming discord_utils@1 to /home/vs/.config/discord/0.0.52/modules/pending/discord_utils-1.zip: 96%
2024-05-04T18:20:52.412Z [Modules] Streaming discord_utils@1 to /home/vs/.config/discord/0.0.52/modules/pending/discord_utils-1.zip: 97%
2024-05-04T18:20:52.412Z [Modules] Streaming discord_utils@1 to /home/vs/.config/discord/0.0.52/modules/pending/discord_utils-1.zip: 99%
2024-05-04T18:20:52.413Z [Modules] Streaming discord_utils@1 to /home/vs/.config/discord/0.0.52/modules/pending/discord_utils-1.zip: 100%
2024-05-04T18:20:52.415Z [Modules] Fetching discord_voice@1 from https://discord.com/api/modules/stable/discord_voice/1
2024-05-04T18:20:52.415Z [Modules] Streaming discord_voice@1 to /home/vs/.config/discord/0.0.52/modules/pending/discord_voice-1.zip
2024-05-04T18:20:52.934Z [Modules] Streaming discord_voice@1 to /home/vs/.config/discord/0.0.52/modules/pending/discord_voice-1.zip: 1%
2024-05-04T18:20:52.940Z [Modules] Streaming discord_voice@1 to /home/vs/.config/discord/0.0.52/modules/pending/discord_voice-1.zip: 2%
2024-05-04T18:20:52.946Z [Modules] Streaming discord_voice@1 to /home/vs/.config/discord/0.0.52/modules/pending/discord_voice-1.zip: 3%
2024-05-04T18:20:52.951Z [Modules] Streaming discord_voice@1 to /home/vs/.config/discord/0.0.52/modules/pending/discord_voice-1.zip: 4%
2024-05-04T18:20:52.958Z [Modules] Streaming discord_voice@1 to /home/vs/.config/discord/0.0.52/modules/pending/discord_voice-1.zip: 5%
2024-05-04T18:20:52.965Z [Modules] Streaming discord_voice@1 to /home/vs/.config/discord/0.0.52/modules/pending/discord_voice-1.zip: 6%
2024-05-04T18:20:52.972Z [Modules] Streaming discord_voice@1 to /home/vs/.config/discord/0.0.52/modules/pending/discord_voice-1.zip: 7%
2024-05-04T18:20:53.015Z [Modules] Streaming discord_voice@1 to /home/vs/.config/discord/0.0.52/modules/pending/discord_voice-1.zip: 8%
2024-05-04T18:20:53.084Z [Modules] Streaming discord_voice@1 to /home/vs/.config/discord/0.0.52/modules/pending/discord_voice-1.zip: 9%
2024-05-04T18:20:53.088Z [Modules] Streaming discord_voice@1 to /home/vs/.config/discord/0.0.52/modules/pending/discord_voice-1.zip: 10%
2024-05-04T18:20:53.093Z [Modules] Streaming discord_voice@1 to /home/vs/.config/discord/0.0.52/modules/pending/discord_voice-1.zip: 11%
2024-05-04T18:20:53.098Z [Modules] Streaming discord_voice@1 to /home/vs/.config/discord/0.0.52/modules/pending/discord_voice-1.zip: 12%
2024-05-04T18:20:53.103Z [Modules] Streaming discord_voice@1 to /home/vs/.config/discord/0.0.52/modules/pending/discord_voice-1.zip: 13%
2024-05-04T18:20:53.113Z [Modules] Streaming discord_voice@1 to /home/vs/.config/discord/0.0.52/modules/pending/discord_voice-1.zip: 14%
2024-05-04T18:20:53.119Z [Modules] Streaming discord_voice@1 to /home/vs/.config/discord/0.0.52/modules/pending/discord_voice-1.zip: 15%
2024-05-04T18:20:53.151Z [Modules] Streaming discord_voice@1 to /home/vs/.config/discord/0.0.52/modules/pending/discord_voice-1.zip: 16%
2024-05-04T18:20:53.187Z [Modules] Streaming discord_voice@1 to /home/vs/.config/discord/0.0.52/modules/pending/discord_voice-1.zip: 17%
2024-05-04T18:20:53.260Z [Modules] Streaming discord_voice@1 to /home/vs/.config/discord/0.0.52/modules/pending/discord_voice-1.zip: 18%
2024-05-04T18:20:53.270Z [Modules] Streaming discord_voice@1 to /home/vs/.config/discord/0.0.52/modules/pending/discord_voice-1.zip: 19%
2024-05-04T18:20:53.275Z [Modules] Streaming discord_voice@1 to /home/vs/.config/discord/0.0.52/modules/pending/discord_voice-1.zip: 20%
2024-05-04T18:20:53.279Z [Modules] Streaming discord_voice@1 to /home/vs/.config/discord/0.0.52/modules/pending/discord_voice-1.zip: 21%
2024-05-04T18:20:53.300Z [Modules] Streaming discord_voice@1 to /home/vs/.config/discord/0.0.52/modules/pending/discord_voice-1.zip: 22%
2024-05-04T18:20:53.319Z [Modules] Streaming discord_voice@1 to /home/vs/.config/discord/0.0.52/modules/pending/discord_voice-1.zip: 23%
2024-05-04T18:20:53.323Z [Modules] Streaming discord_voice@1 to /home/vs/.config/discord/0.0.52/modules/pending/discord_voice-1.zip: 24%
2024-05-04T18:20:53.328Z [Modules] Streaming discord_voice@1 to /home/vs/.config/discord/0.0.52/modules/pending/discord_voice-1.zip: 25%
2024-05-04T18:20:53.400Z [Modules] Streaming discord_voice@1 to /home/vs/.config/discord/0.0.52/modules/pending/discord_voice-1.zip: 26%
2024-05-04T18:20:53.408Z [Modules] Streaming discord_voice@1 to /home/vs/.config/discord/0.0.52/modules/pending/discord_voice-1.zip: 27%
2024-05-04T18:20:53.429Z [Modules] Streaming discord_voice@1 to /home/vs/.config/discord/0.0.52/modules/pending/discord_voice-1.zip: 28%
2024-05-04T18:20:53.436Z [Modules] Streaming discord_voice@1 to /home/vs/.config/discord/0.0.52/modules/pending/discord_voice-1.zip: 29%
2024-05-04T18:20:53.443Z [Modules] Streaming discord_voice@1 to /home/vs/.config/discord/0.0.52/modules/pending/discord_voice-1.zip: 30%
2024-05-04T18:20:53.462Z [Modules] Streaming discord_voice@1 to /home/vs/.config/discord/0.0.52/modules/pending/discord_voice-1.zip: 31%
2024-05-04T18:20:53.469Z [Modules] Streaming discord_voice@1 to /home/vs/.config/discord/0.0.52/modules/pending/discord_voice-1.zip: 32%
2024-05-04T18:20:53.476Z [Modules] Streaming discord_voice@1 to /home/vs/.config/discord/0.0.52/modules/pending/discord_voice-1.zip: 33%
2024-05-04T18:20:53.484Z [Modules] Streaming discord_voice@1 to /home/vs/.config/discord/0.0.52/modules/pending/discord_voice-1.zip: 34%
2024-05-04T18:20:53.568Z [Modules] Streaming discord_voice@1 to /home/vs/.config/discord/0.0.52/modules/pending/discord_voice-1.zip: 35%
2024-05-04T18:20:53.576Z [Modules] Streaming discord_voice@1 to /home/vs/.config/discord/0.0.52/modules/pending/discord_voice-1.zip: 36%
2024-05-04T18:20:53.582Z [Modules] Streaming discord_voice@1 to /home/vs/.config/discord/0.0.52/modules/pending/discord_voice-1.zip: 37%
2024-05-04T18:20:53.590Z [Modules] Streaming discord_voice@1 to /home/vs/.config/discord/0.0.52/modules/pending/discord_voice-1.zip: 38%
2024-05-04T18:20:53.595Z [Modules] Streaming discord_voice@1 to /home/vs/.config/discord/0.0.52/modules/pending/discord_voice-1.zip: 39%
2024-05-04T18:20:53.634Z [Modules] Streaming discord_voice@1 to /home/vs/.config/discord/0.0.52/modules/pending/discord_voice-1.zip: 40%
2024-05-04T18:20:53.639Z [Modules] Streaming discord_voice@1 to /home/vs/.config/discord/0.0.52/modules/pending/discord_voice-1.zip: 41%
2024-05-04T18:20:53.651Z [Modules] Streaming discord_voice@1 to /home/vs/.config/discord/0.0.52/modules/pending/discord_voice-1.zip: 42%
2024-05-04T18:20:53.682Z [Modules] Streaming discord_voice@1 to /home/vs/.config/discord/0.0.52/modules/pending/discord_voice-1.zip: 43%
2024-05-04T18:20:53.702Z [Modules] Streaming discord_voice@1 to /home/vs/.config/discord/0.0.52/modules/pending/discord_voice-1.zip: 44%
2024-05-04T18:20:53.729Z [Modules] Streaming discord_voice@1 to /home/vs/.config/discord/0.0.52/modules/pending/discord_voice-1.zip: 45%
2024-05-04T18:20:53.744Z [Modules] Streaming discord_voice@1 to /home/vs/.config/discord/0.0.52/modules/pending/discord_voice-1.zip: 46%
2024-05-04T18:20:53.758Z [Modules] Streaming discord_voice@1 to /home/vs/.config/discord/0.0.52/modules/pending/discord_voice-1.zip: 47%
2024-05-04T18:20:53.787Z [Modules] Streaming discord_voice@1 to /home/vs/.config/discord/0.0.52/modules/pending/discord_voice-1.zip: 48%
2024-05-04T18:20:53.792Z [Modules] Streaming discord_voice@1 to /home/vs/.config/discord/0.0.52/modules/pending/discord_voice-1.zip: 49%
2024-05-04T18:20:53.798Z [Modules] Streaming discord_voice@1 to /home/vs/.config/discord/0.0.52/modules/pending/discord_voice-1.zip: 50%
2024-05-04T18:20:53.839Z [Modules] Streaming discord_voice@1 to /home/vs/.config/discord/0.0.52/modules/pending/discord_voice-1.zip: 51%
2024-05-04T18:20:53.843Z [Modules] Streaming discord_voice@1 to /home/vs/.config/discord/0.0.52/modules/pending/discord_voice-1.zip: 52%
2024-05-04T18:20:53.849Z [Modules] Streaming discord_voice@1 to /home/vs/.config/discord/0.0.52/modules/pending/discord_voice-1.zip: 53%
2024-05-04T18:20:53.876Z [Modules] Streaming discord_voice@1 to /home/vs/.config/discord/0.0.52/modules/pending/discord_voice-1.zip: 54%
2024-05-04T18:20:53.885Z [Modules] Streaming discord_voice@1 to /home/vs/.config/discord/0.0.52/modules/pending/discord_voice-1.zip: 55%
2024-05-04T18:20:53.913Z [Modules] Streaming discord_voice@1 to /home/vs/.config/discord/0.0.52/modules/pending/discord_voice-1.zip: 56%
2024-05-04T18:20:53.944Z [Modules] Streaming discord_voice@1 to /home/vs/.config/discord/0.0.52/modules/pending/discord_voice-1.zip: 57%
2024-05-04T18:20:53.950Z [Modules] Streaming discord_voice@1 to /home/vs/.config/discord/0.0.52/modules/pending/discord_voice-1.zip: 58%
2024-05-04T18:20:53.987Z [Modules] Streaming discord_voice@1 to /home/vs/.config/discord/0.0.52/modules/pending/discord_voice-1.zip: 59%
2024-05-04T18:20:53.992Z [Modules] Streaming discord_voice@1 to /home/vs/.config/discord/0.0.52/modules/pending/discord_voice-1.zip: 60%
2024-05-04T18:20:54.000Z [Modules] Streaming discord_voice@1 to /home/vs/.config/discord/0.0.52/modules/pending/discord_voice-1.zip: 61%
2024-05-04T18:20:54.005Z [Modules] Streaming discord_voice@1 to /home/vs/.config/discord/0.0.52/modules/pending/discord_voice-1.zip: 62%
2024-05-04T18:20:54.047Z [Modules] Streaming discord_voice@1 to /home/vs/.config/discord/0.0.52/modules/pending/discord_voice-1.zip: 63%
2024-05-04T18:20:54.054Z [Modules] Streaming discord_voice@1 to /home/vs/.config/discord/0.0.52/modules/pending/discord_voice-1.zip: 64%
2024-05-04T18:20:54.082Z [Modules] Streaming discord_voice@1 to /home/vs/.config/discord/0.0.52/modules/pending/discord_voice-1.zip: 65%
2024-05-04T18:20:54.089Z [Modules] Streaming discord_voice@1 to /home/vs/.config/discord/0.0.52/modules/pending/discord_voice-1.zip: 66%
2024-05-04T18:20:54.118Z [Modules] Streaming discord_voice@1 to /home/vs/.config/discord/0.0.52/modules/pending/discord_voice-1.zip: 67%
2024-05-04T18:20:54.147Z [Modules] Streaming discord_voice@1 to /home/vs/.config/discord/0.0.52/modules/pending/discord_voice-1.zip: 68%
2024-05-04T18:20:54.152Z [Modules] Streaming discord_voice@1 to /home/vs/.config/discord/0.0.52/modules/pending/discord_voice-1.zip: 69%
2024-05-04T18:20:54.156Z [Modules] Streaming discord_voice@1 to /home/vs/.config/discord/0.0.52/modules/pending/discord_voice-1.zip: 70%
2024-05-04T18:20:54.182Z [Modules] Streaming discord_voice@1 to /home/vs/.config/discord/0.0.52/modules/pending/discord_voice-1.zip: 71%
2024-05-04T18:20:54.190Z [Modules] Streaming discord_voice@1 to /home/vs/.config/discord/0.0.52/modules/pending/discord_voice-1.zip: 72%
2024-05-04T18:20:54.195Z [Modules] Streaming discord_voice@1 to /home/vs/.config/discord/0.0.52/modules/pending/discord_voice-1.zip: 73%
2024-05-04T18:20:54.217Z [Modules] Streaming discord_voice@1 to /home/vs/.config/discord/0.0.52/modules/pending/discord_voice-1.zip: 74%
2024-05-04T18:20:54.227Z [Modules] Streaming discord_voice@1 to /home/vs/.config/discord/0.0.52/modules/pending/discord_voice-1.zip: 75%
2024-05-04T18:20:54.291Z [Modules] Streaming discord_voice@1 to /home/vs/.config/discord/0.0.52/modules/pending/discord_voice-1.zip: 76%
2024-05-04T18:20:54.297Z [Modules] Streaming discord_voice@1 to /home/vs/.config/discord/0.0.52/modules/pending/discord_voice-1.zip: 77%
2024-05-04T18:20:54.307Z [Modules] Streaming discord_voice@1 to /home/vs/.config/discord/0.0.52/modules/pending/discord_voice-1.zip: 78%
2024-05-04T18:20:54.358Z [Modules] Streaming discord_voice@1 to /home/vs/.config/discord/0.0.52/modules/pending/discord_voice-1.zip: 79%
2024-05-04T18:20:54.361Z [Modules] Streaming discord_voice@1 to /home/vs/.config/discord/0.0.52/modules/pending/discord_voice-1.zip: 80%
2024-05-04T18:20:54.369Z [Modules] Streaming discord_voice@1 to /home/vs/.config/discord/0.0.52/modules/pending/discord_voice-1.zip: 81%
2024-05-04T18:20:54.380Z [Modules] Streaming discord_voice@1 to /home/vs/.config/discord/0.0.52/modules/pending/discord_voice-1.zip: 82%
2024-05-04T18:20:54.385Z [Modules] Streaming discord_voice@1 to /home/vs/.config/discord/0.0.52/modules/pending/discord_voice-1.zip: 83%
2024-05-04T18:20:54.455Z [Modules] Streaming discord_voice@1 to /home/vs/.config/discord/0.0.52/modules/pending/discord_voice-1.zip: 84%
2024-05-04T18:20:54.531Z [Modules] Streaming discord_voice@1 to /home/vs/.config/discord/0.0.52/modules/pending/discord_voice-1.zip: 85%
2024-05-04T18:20:54.535Z [Modules] Streaming discord_voice@1 to /home/vs/.config/discord/0.0.52/modules/pending/discord_voice-1.zip: 86%
2024-05-04T18:20:54.567Z [Modules] Streaming discord_voice@1 to /home/vs/.config/discord/0.0.52/modules/pending/discord_voice-1.zip: 87%
2024-05-04T18:20:54.572Z [Modules] Streaming discord_voice@1 to /home/vs/.config/discord/0.0.52/modules/pending/discord_voice-1.zip: 88%
2024-05-04T18:20:54.578Z [Modules] Streaming discord_voice@1 to /home/vs/.config/discord/0.0.52/modules/pending/discord_voice-1.zip: 89%
2024-05-04T18:20:54.584Z [Modules] Streaming discord_voice@1 to /home/vs/.config/discord/0.0.52/modules/pending/discord_voice-1.zip: 90%
2024-05-04T18:20:54.589Z [Modules] Streaming discord_voice@1 to /home/vs/.config/discord/0.0.52/modules/pending/discord_voice-1.zip: 91%
2024-05-04T18:20:54.595Z [Modules] Streaming discord_voice@1 to /home/vs/.config/discord/0.0.52/modules/pending/discord_voice-1.zip: 92%
2024-05-04T18:20:54.691Z [Modules] Streaming discord_voice@1 to /home/vs/.config/discord/0.0.52/modules/pending/discord_voice-1.zip: 93%
2024-05-04T18:20:54.700Z [Modules] Streaming discord_voice@1 to /home/vs/.config/discord/0.0.52/modules/pending/discord_voice-1.zip: 94%
2024-05-04T18:20:54.740Z [Modules] Streaming discord_voice@1 to /home/vs/.config/discord/0.0.52/modules/pending/discord_voice-1.zip: 95%
2024-05-04T18:20:54.771Z [Modules] Streaming discord_voice@1 to /home/vs/.config/discord/0.0.52/modules/pending/discord_voice-1.zip: 96%
2024-05-04T18:20:54.772Z [Modules] Streaming discord_voice@1 to /home/vs/.config/discord/0.0.52/modules/pending/discord_voice-1.zip: 97%
2024-05-04T18:20:54.777Z [Modules] Streaming discord_voice@1 to /home/vs/.config/discord/0.0.52/modules/pending/discord_voice-1.zip: 98%
2024-05-04T18:20:54.783Z [Modules] Streaming discord_voice@1 to /home/vs/.config/discord/0.0.52/modules/pending/discord_voice-1.zip: 99%
2024-05-04T18:20:54.790Z [Modules] Streaming discord_voice@1 to /home/vs/.config/discord/0.0.52/modules/pending/discord_voice-1.zip: 100%
2024-05-04T18:20:54.792Z [Modules] Fetching discord_zstd@1 from https://discord.com/api/modules/stable/discord_zstd/1
2024-05-04T18:20:54.792Z [Modules] Streaming discord_zstd@1 to /home/vs/.config/discord/0.0.52/modules/pending/discord_zstd-1.zip
2024-05-04T18:20:55.384Z [Modules] Streaming discord_zstd@1 to /home/vs/.config/discord/0.0.52/modules/pending/discord_zstd-1.zip: 5%
2024-05-04T18:20:55.385Z [Modules] Streaming discord_zstd@1 to /home/vs/.config/discord/0.0.52/modules/pending/discord_zstd-1.zip: 8%
2024-05-04T18:20:55.386Z [Modules] Streaming discord_zstd@1 to /home/vs/.config/discord/0.0.52/modules/pending/discord_zstd-1.zip: 13%
2024-05-04T18:20:55.386Z [Modules] Streaming discord_zstd@1 to /home/vs/.config/discord/0.0.52/modules/pending/discord_zstd-1.zip: 16%
2024-05-04T18:20:55.388Z [Modules] Streaming discord_zstd@1 to /home/vs/.config/discord/0.0.52/modules/pending/discord_zstd-1.zip: 21%
2024-05-04T18:20:55.389Z [Modules] Streaming discord_zstd@1 to /home/vs/.config/discord/0.0.52/modules/pending/discord_zstd-1.zip: 24%
2024-05-04T18:20:55.390Z [Modules] Streaming discord_zstd@1 to /home/vs/.config/discord/0.0.52/modules/pending/discord_zstd-1.zip: 29%
2024-05-04T18:20:55.391Z [Modules] Streaming discord_zstd@1 to /home/vs/.config/discord/0.0.52/modules/pending/discord_zstd-1.zip: 31%
2024-05-04T18:20:55.392Z [Modules] Streaming discord_zstd@1 to /home/vs/.config/discord/0.0.52/modules/pending/discord_zstd-1.zip: 33%
2024-05-04T18:20:55.396Z [Modules] Streaming discord_zstd@1 to /home/vs/.config/discord/0.0.52/modules/pending/discord_zstd-1.zip: 38%
2024-05-04T18:20:55.396Z [Modules] Streaming discord_zstd@1 to /home/vs/.config/discord/0.0.52/modules/pending/discord_zstd-1.zip: 39%
2024-05-04T18:20:55.405Z [Modules] Streaming discord_zstd@1 to /home/vs/.config/discord/0.0.52/modules/pending/discord_zstd-1.zip: 44%
2024-05-04T18:20:55.405Z [Modules] Streaming discord_zstd@1 to /home/vs/.config/discord/0.0.52/modules/pending/discord_zstd-1.zip: 55%
2024-05-04T18:20:55.406Z [Modules] Streaming discord_zstd@1 to /home/vs/.config/discord/0.0.52/modules/pending/discord_zstd-1.zip: 60%
2024-05-04T18:20:55.406Z [Modules] Streaming discord_zstd@1 to /home/vs/.config/discord/0.0.52/modules/pending/discord_zstd-1.zip: 62%
2024-05-04T18:20:55.425Z [Modules] Streaming discord_zstd@1 to /home/vs/.config/discord/0.0.52/modules/pending/discord_zstd-1.zip: 67%
2024-05-04T18:20:55.425Z [Modules] Streaming discord_zstd@1 to /home/vs/.config/discord/0.0.52/modules/pending/discord_zstd-1.zip: 78%
2024-05-04T18:20:55.426Z [Modules] Streaming discord_zstd@1 to /home/vs/.config/discord/0.0.52/modules/pending/discord_zstd-1.zip: 90%
2024-05-04T18:20:55.430Z [Modules] Streaming discord_zstd@1 to /home/vs/.config/discord/0.0.52/modules/pending/discord_zstd-1.zip: 95%
2024-05-04T18:20:55.431Z [Modules] Streaming discord_zstd@1 to /home/vs/.config/discord/0.0.52/modules/pending/discord_zstd-1.zip: 96%
2024-05-04T18:20:55.440Z [Modules] Streaming discord_zstd@1 to /home/vs/.config/discord/0.0.52/modules/pending/discord_zstd-1.zip: 100%
2024-05-04T18:20:55.441Z [Modules] Finished module downloads. [success: 6] [failure: 0]
2024-05-04T18:20:55.441Z [Modules] Installing updates...
2024-05-04T18:20:55.442Z [Modules] Installing discord_desktop_core@1 from /home/vs/.config/discord/0.0.52/modules/pending/discord_desktop_core-1.zip
2024-05-04T18:20:55.565Z [Modules] Installing discord_erlpack@1 from /home/vs/.config/discord/0.0.52/modules/pending/discord_erlpack-1.zip
2024-05-04T18:20:55.648Z [Modules] Installing discord_spellcheck@1 from /home/vs/.config/discord/0.0.52/modules/pending/discord_spellcheck-1.zip
2024-05-04T18:20:56.853Z [Modules] Installing discord_utils@1 from /home/vs/.config/discord/0.0.52/modules/pending/discord_utils-1.zip
2024-05-04T18:20:57.099Z [Modules] Installing discord_voice@1 from /home/vs/.config/discord/0.0.52/modules/pending/discord_voice-1.zip
2024-05-04T18:20:57.988Z [Modules] Installing discord_zstd@1 from /home/vs/.config/discord/0.0.52/modules/pending/discord_zstd-1.zip
2024-05-04T18:20:58.060Z [Modules] Finished module installations. [success: 6] [failure: 0]
2024-05-04T18:20:58.061Z [Modules] Checking for host updates.
2024-05-04T18:20:58.460Z [Modules] Host is up to date.
2024-05-04T18:20:58.461Z [Modules] Checking for module updates at https://discord.com/api/modules/stable/versions.json
2024-05-04T18:20:58.464Z [Modules] No module updates available.
2024-05-04T18:21:02.071Z [Modules] Starting to install discord_krisp...
2024-05-04T18:21:02.072Z [Modules] Fetching discord_krisp@1 from https://discord.com/api/modules/stable/discord_krisp/1
2024-05-04T18:21:02.072Z [Modules] Streaming discord_krisp@1 to /home/vs/.config/discord/0.0.52/modules/pending/discord_krisp-1.zip
2024-05-04T18:21:02.085Z [Modules] Starting to install discord_game_utils...
2024-05-04T18:21:02.675Z [Modules] Streaming discord_krisp@1 to /home/vs/.config/discord/0.0.52/modules/pending/discord_krisp-1.zip: 1%
2024-05-04T18:21:02.676Z [Modules] Streaming discord_krisp@1 to /home/vs/.config/discord/0.0.52/modules/pending/discord_krisp-1.zip: 2%
2024-05-04T18:21:02.677Z [Modules] Streaming discord_krisp@1 to /home/vs/.config/discord/0.0.52/modules/pending/discord_krisp-1.zip: 3%
2024-05-04T18:21:02.681Z [Modules] Streaming discord_krisp@1 to /home/vs/.config/discord/0.0.52/modules/pending/discord_krisp-1.zip: 4%
2024-05-04T18:21:02.746Z [Modules] Streaming discord_krisp@1 to /home/vs/.config/discord/0.0.52/modules/pending/discord_krisp-1.zip: 5%
2024-05-04T18:21:02.750Z [Modules] Streaming discord_krisp@1 to /home/vs/.config/discord/0.0.52/modules/pending/discord_krisp-1.zip: 6%
2024-05-04T18:21:02.751Z [Modules] Streaming discord_krisp@1 to /home/vs/.config/discord/0.0.52/modules/pending/discord_krisp-1.zip: 7%
2024-05-04T18:21:02.827Z [Modules] Streaming discord_krisp@1 to /home/vs/.config/discord/0.0.52/modules/pending/discord_krisp-1.zip: 8%
2024-05-04T18:21:02.829Z [Modules] Streaming discord_krisp@1 to /home/vs/.config/discord/0.0.52/modules/pending/discord_krisp-1.zip: 9%
2024-05-04T18:21:02.833Z [Modules] Streaming discord_krisp@1 to /home/vs/.config/discord/0.0.52/modules/pending/discord_krisp-1.zip: 12%
2024-05-04T18:21:02.847Z [Modules] Streaming discord_krisp@1 to /home/vs/.config/discord/0.0.52/modules/pending/discord_krisp-1.zip: 13%
2024-05-04T18:21:02.861Z [Modules] Streaming discord_krisp@1 to /home/vs/.config/discord/0.0.52/modules/pending/discord_krisp-1.zip: 14%
2024-05-04T18:21:02.944Z [Modules] Streaming discord_krisp@1 to /home/vs/.config/discord/0.0.52/modules/pending/discord_krisp-1.zip: 15%
2024-05-04T18:21:02.954Z [Modules] Streaming discord_krisp@1 to /home/vs/.config/discord/0.0.52/modules/pending/discord_krisp-1.zip: 16%
2024-05-04T18:21:02.958Z [Modules] Streaming discord_krisp@1 to /home/vs/.config/discord/0.0.52/modules/pending/discord_krisp-1.zip: 17%
2024-05-04T18:21:02.968Z [Modules] Streaming discord_krisp@1 to /home/vs/.config/discord/0.0.52/modules/pending/discord_krisp-1.zip: 18%
2024-05-04T18:21:02.984Z [Modules] Streaming discord_krisp@1 to /home/vs/.config/discord/0.0.52/modules/pending/discord_krisp-1.zip: 19%
2024-05-04T18:21:02.990Z [Modules] Streaming discord_krisp@1 to /home/vs/.config/discord/0.0.52/modules/pending/discord_krisp-1.zip: 20%
2024-05-04T18:21:03.002Z [Modules] Streaming discord_krisp@1 to /home/vs/.config/discord/0.0.52/modules/pending/discord_krisp-1.zip: 21%
2024-05-04T18:21:03.005Z [Modules] Streaming discord_krisp@1 to /home/vs/.config/discord/0.0.52/modules/pending/discord_krisp-1.zip: 22%
2024-05-04T18:21:03.059Z [Modules] Streaming discord_krisp@1 to /home/vs/.config/discord/0.0.52/modules/pending/discord_krisp-1.zip: 23%
2024-05-04T18:21:03.092Z [Modules] Streaming discord_krisp@1 to /home/vs/.config/discord/0.0.52/modules/pending/discord_krisp-1.zip: 24%
2024-05-04T18:21:03.095Z [Modules] Streaming discord_krisp@1 to /home/vs/.config/discord/0.0.52/modules/pending/discord_krisp-1.zip: 25%
2024-05-04T18:21:03.103Z [Modules] Streaming discord_krisp@1 to /home/vs/.config/discord/0.0.52/modules/pending/discord_krisp-1.zip: 26%
2024-05-04T18:21:03.124Z [Modules] Streaming discord_krisp@1 to /home/vs/.config/discord/0.0.52/modules/pending/discord_krisp-1.zip: 27%
2024-05-04T18:21:03.129Z [Modules] Streaming discord_krisp@1 to /home/vs/.config/discord/0.0.52/modules/pending/discord_krisp-1.zip: 28%
2024-05-04T18:21:03.139Z [Modules] Streaming discord_krisp@1 to /home/vs/.config/discord/0.0.52/modules/pending/discord_krisp-1.zip: 29%
2024-05-04T18:21:03.154Z [Modules] Streaming discord_krisp@1 to /home/vs/.config/discord/0.0.52/modules/pending/discord_krisp-1.zip: 30%
2024-05-04T18:21:03.157Z [Modules] Streaming discord_krisp@1 to /home/vs/.config/discord/0.0.52/modules/pending/discord_krisp-1.zip: 31%
2024-05-04T18:21:03.224Z [Modules] Streaming discord_krisp@1 to /home/vs/.config/discord/0.0.52/modules/pending/discord_krisp-1.zip: 32%
2024-05-04T18:21:03.232Z [Modules] Streaming discord_krisp@1 to /home/vs/.config/discord/0.0.52/modules/pending/discord_krisp-1.zip: 33%
2024-05-04T18:21:03.240Z [Modules] Streaming discord_krisp@1 to /home/vs/.config/discord/0.0.52/modules/pending/discord_krisp-1.zip: 34%
2024-05-04T18:21:03.252Z [Modules] Streaming discord_krisp@1 to /home/vs/.config/discord/0.0.52/modules/pending/discord_krisp-1.zip: 35%
2024-05-04T18:21:03.268Z [Modules] Streaming discord_krisp@1 to /home/vs/.config/discord/0.0.52/modules/pending/discord_krisp-1.zip: 36%
2024-05-04T18:21:03.272Z [Modules] Streaming discord_krisp@1 to /home/vs/.config/discord/0.0.52/modules/pending/discord_krisp-1.zip: 37%
2024-05-04T18:21:03.292Z [Modules] Streaming discord_krisp@1 to /home/vs/.config/discord/0.0.52/modules/pending/discord_krisp-1.zip: 38%
2024-05-04T18:21:03.299Z [Modules] Streaming discord_krisp@1 to /home/vs/.config/discord/0.0.52/modules/pending/discord_krisp-1.zip: 39%
2024-05-04T18:21:03.334Z [Modules] Streaming discord_krisp@1 to /home/vs/.config/discord/0.0.52/modules/pending/discord_krisp-1.zip: 40%
2024-05-04T18:21:03.365Z [Modules] Streaming discord_krisp@1 to /home/vs/.config/discord/0.0.52/modules/pending/discord_krisp-1.zip: 41%
2024-05-04T18:21:03.392Z [Modules] Streaming discord_krisp@1 to /home/vs/.config/discord/0.0.52/modules/pending/discord_krisp-1.zip: 42%
2024-05-04T18:21:03.400Z [Modules] Streaming discord_krisp@1 to /home/vs/.config/discord/0.0.52/modules/pending/discord_krisp-1.zip: 43%
2024-05-04T18:21:03.406Z [Modules] Streaming discord_krisp@1 to /home/vs/.config/discord/0.0.52/modules/pending/discord_krisp-1.zip: 44%
2024-05-04T18:21:03.413Z [Modules] Streaming discord_krisp@1 to /home/vs/.config/discord/0.0.52/modules/pending/discord_krisp-1.zip: 45%
2024-05-04T18:21:03.418Z [Modules] Streaming discord_krisp@1 to /home/vs/.config/discord/0.0.52/modules/pending/discord_krisp-1.zip: 46%
2024-05-04T18:21:03.467Z [Modules] Streaming discord_krisp@1 to /home/vs/.config/discord/0.0.52/modules/pending/discord_krisp-1.zip: 47%
2024-05-04T18:21:03.472Z [Modules] Streaming discord_krisp@1 to /home/vs/.config/discord/0.0.52/modules/pending/discord_krisp-1.zip: 48%
2024-05-04T18:21:03.490Z [Modules] Streaming discord_krisp@1 to /home/vs/.config/discord/0.0.52/modules/pending/discord_krisp-1.zip: 49%
2024-05-04T18:21:03.530Z [Modules] Streaming discord_krisp@1 to /home/vs/.config/discord/0.0.52/modules/pending/discord_krisp-1.zip: 50%
2024-05-04T18:21:03.533Z [Modules] Streaming discord_krisp@1 to /home/vs/.config/discord/0.0.52/modules/pending/discord_krisp-1.zip: 51%
2024-05-04T18:21:03.549Z [Modules] Streaming discord_krisp@1 to /home/vs/.config/discord/0.0.52/modules/pending/discord_krisp-1.zip: 52%
2024-05-04T18:21:03.565Z [Modules] Streaming discord_krisp@1 to /home/vs/.config/discord/0.0.52/modules/pending/discord_krisp-1.zip: 53%
2024-05-04T18:21:03.568Z [Modules] Streaming discord_krisp@1 to /home/vs/.config/discord/0.0.52/modules/pending/discord_krisp-1.zip: 54%
2024-05-04T18:21:03.607Z [Modules] Streaming discord_krisp@1 to /home/vs/.config/discord/0.0.52/modules/pending/discord_krisp-1.zip: 55%
2024-05-04T18:21:03.614Z [Modules] Streaming discord_krisp@1 to /home/vs/.config/discord/0.0.52/modules/pending/discord_krisp-1.zip: 56%
2024-05-04T18:21:03.618Z [Modules] Streaming discord_krisp@1 to /home/vs/.config/discord/0.0.52/modules/pending/discord_krisp-1.zip: 57%
2024-05-04T18:21:03.646Z [Modules] Streaming discord_krisp@1 to /home/vs/.config/discord/0.0.52/modules/pending/discord_krisp-1.zip: 58%
2024-05-04T18:21:03.671Z [Modules] Streaming discord_krisp@1 to /home/vs/.config/discord/0.0.52/modules/pending/discord_krisp-1.zip: 59%
2024-05-04T18:21:03.704Z [Modules] Streaming discord_krisp@1 to /home/vs/.config/discord/0.0.52/modules/pending/discord_krisp-1.zip: 60%
2024-05-04T18:21:03.709Z [Modules] Streaming discord_krisp@1 to /home/vs/.config/discord/0.0.52/modules/pending/discord_krisp-1.zip: 61%
2024-05-04T18:21:03.725Z [Modules] Streaming discord_krisp@1 to /home/vs/.config/discord/0.0.52/modules/pending/discord_krisp-1.zip: 62%
2024-05-04T18:21:03.736Z [Modules] Streaming discord_krisp@1 to /home/vs/.config/discord/0.0.52/modules/pending/discord_krisp-1.zip: 63%
2024-05-04T18:21:03.752Z [Modules] Streaming discord_krisp@1 to /home/vs/.config/discord/0.0.52/modules/pending/discord_krisp-1.zip: 64%
2024-05-04T18:21:03.785Z [Modules] Streaming discord_krisp@1 to /home/vs/.config/discord/0.0.52/modules/pending/discord_krisp-1.zip: 65%
2024-05-04T18:21:03.790Z [Modules] Streaming discord_krisp@1 to /home/vs/.config/discord/0.0.52/modules/pending/discord_krisp-1.zip: 66%
2024-05-04T18:21:03.801Z [Modules] Streaming discord_krisp@1 to /home/vs/.config/discord/0.0.52/modules/pending/discord_krisp-1.zip: 67%
2024-05-04T18:21:03.804Z [Modules] Checking for host updates.
2024-05-04T18:21:03.846Z [Modules] Streaming discord_krisp@1 to /home/vs/.config/discord/0.0.52/modules/pending/discord_krisp-1.zip: 68%
2024-05-04T18:21:03.850Z [Modules] Streaming discord_krisp@1 to /home/vs/.config/discord/0.0.52/modules/pending/discord_krisp-1.zip: 69%
2024-05-04T18:21:03.878Z [Modules] Streaming discord_krisp@1 to /home/vs/.config/discord/0.0.52/modules/pending/discord_krisp-1.zip: 70%
2024-05-04T18:21:03.884Z [Modules] Streaming discord_krisp@1 to /home/vs/.config/discord/0.0.52/modules/pending/discord_krisp-1.zip: 71%
2024-05-04T18:21:03.928Z [Modules] Streaming discord_krisp@1 to /home/vs/.config/discord/0.0.52/modules/pending/discord_krisp-1.zip: 72%
2024-05-04T18:21:03.945Z [Modules] Streaming discord_krisp@1 to /home/vs/.config/discord/0.0.52/modules/pending/discord_krisp-1.zip: 73%
2024-05-04T18:21:03.949Z [Modules] Streaming discord_krisp@1 to /home/vs/.config/discord/0.0.52/modules/pending/discord_krisp-1.zip: 74%
2024-05-04T18:21:03.953Z [Modules] Streaming discord_krisp@1 to /home/vs/.config/discord/0.0.52/modules/pending/discord_krisp-1.zip: 75%
2024-05-04T18:21:03.957Z [Modules] Streaming discord_krisp@1 to /home/vs/.config/discord/0.0.52/modules/pending/discord_krisp-1.zip: 76%
2024-05-04T18:21:03.982Z [Modules] Streaming discord_krisp@1 to /home/vs/.config/discord/0.0.52/modules/pending/discord_krisp-1.zip: 77%
2024-05-04T18:21:03.989Z [Modules] Streaming discord_krisp@1 to /home/vs/.config/discord/0.0.52/modules/pending/discord_krisp-1.zip: 78%
2024-05-04T18:21:04.015Z [Modules] Streaming discord_krisp@1 to /home/vs/.config/discord/0.0.52/modules/pending/discord_krisp-1.zip: 79%
2024-05-04T18:21:04.019Z [Modules] Streaming discord_krisp@1 to /home/vs/.config/discord/0.0.52/modules/pending/discord_krisp-1.zip: 80%
2024-05-04T18:21:04.028Z [Modules] Starting to install discord_rpc...
2024-05-04T18:21:04.102Z [Modules] Streaming discord_krisp@1 to /home/vs/.config/discord/0.0.52/modules/pending/discord_krisp-1.zip: 81%
2024-05-04T18:21:04.116Z [Modules] Streaming discord_krisp@1 to /home/vs/.config/discord/0.0.52/modules/pending/discord_krisp-1.zip: 82%
2024-05-04T18:21:04.121Z [Modules] Streaming discord_krisp@1 to /home/vs/.config/discord/0.0.52/modules/pending/discord_krisp-1.zip: 83%
2024-05-04T18:21:04.128Z [Modules] Streaming discord_krisp@1 to /home/vs/.config/discord/0.0.52/modules/pending/discord_krisp-1.zip: 84%
2024-05-04T18:21:04.134Z [Modules] Streaming discord_krisp@1 to /home/vs/.config/discord/0.0.52/modules/pending/discord_krisp-1.zip: 85%
2024-05-04T18:21:04.141Z [Modules] Streaming discord_krisp@1 to /home/vs/.config/discord/0.0.52/modules/pending/discord_krisp-1.zip: 86%
2024-05-04T18:21:04.161Z [Modules] Streaming discord_krisp@1 to /home/vs/.config/discord/0.0.52/modules/pending/discord_krisp-1.zip: 87%
2024-05-04T18:21:04.163Z [Modules] Streaming discord_krisp@1 to /home/vs/.config/discord/0.0.52/modules/pending/discord_krisp-1.zip: 88%
2024-05-04T18:21:04.201Z [Modules] Streaming discord_krisp@1 to /home/vs/.config/discord/0.0.52/modules/pending/discord_krisp-1.zip: 89%
2024-05-04T18:21:04.211Z [Modules] Host is up to date.
2024-05-04T18:21:04.212Z [Modules] Checking for module updates at https://discord.com/api/modules/stable/versions.json
2024-05-04T18:21:04.216Z [Modules] No module updates available.
2024-05-04T18:21:04.260Z [Modules] Streaming discord_krisp@1 to /home/vs/.config/discord/0.0.52/modules/pending/discord_krisp-1.zip: 90%
2024-05-04T18:21:04.286Z [Modules] Streaming discord_krisp@1 to /home/vs/.config/discord/0.0.52/modules/pending/discord_krisp-1.zip: 91%
2024-05-04T18:21:04.291Z [Modules] Streaming discord_krisp@1 to /home/vs/.config/discord/0.0.52/modules/pending/discord_krisp-1.zip: 92%
2024-05-04T18:21:04.294Z [Modules] Streaming discord_krisp@1 to /home/vs/.config/discord/0.0.52/modules/pending/discord_krisp-1.zip: 93%
2024-05-04T18:21:04.328Z [Modules] Streaming discord_krisp@1 to /home/vs/.config/discord/0.0.52/modules/pending/discord_krisp-1.zip: 95%
2024-05-04T18:21:04.345Z [Modules] Streaming discord_krisp@1 to /home/vs/.config/discord/0.0.52/modules/pending/discord_krisp-1.zip: 97%
2024-05-04T18:21:04.443Z [Modules] Streaming discord_krisp@1 to /home/vs/.config/discord/0.0.52/modules/pending/discord_krisp-1.zip: 98%
2024-05-04T18:21:04.446Z [Modules] Streaming discord_krisp@1 to /home/vs/.config/discord/0.0.52/modules/pending/discord_krisp-1.zip: 99%
2024-05-04T18:21:04.458Z [Modules] Streaming discord_krisp@1 to /home/vs/.config/discord/0.0.52/modules/pending/discord_krisp-1.zip: 100%
2024-05-04T18:21:04.464Z [Modules] Fetching discord_game_utils@1 from https://discord.com/api/modules/stable/discord_game_utils/1
2024-05-04T18:21:04.465Z [Modules] Streaming discord_game_utils@1 to /home/vs/.config/discord/0.0.52/modules/pending/discord_game_utils-1.zip
2024-05-04T18:21:04.465Z [Modules] Installing discord_krisp@1 from /home/vs/.config/discord/0.0.52/modules/pending/discord_krisp-1.zip
2024-05-04T18:21:05.054Z [Modules] Streaming discord_game_utils@1 to /home/vs/.config/discord/0.0.52/modules/pending/discord_game_utils-1.zip: 2%
2024-05-04T18:21:05.057Z [Modules] Streaming discord_game_utils@1 to /home/vs/.config/discord/0.0.52/modules/pending/discord_game_utils-1.zip: 5%
2024-05-04T18:21:05.059Z [Modules] Streaming discord_game_utils@1 to /home/vs/.config/discord/0.0.52/modules/pending/discord_game_utils-1.zip: 6%
2024-05-04T18:21:05.073Z [Modules] Streaming discord_game_utils@1 to /home/vs/.config/discord/0.0.52/modules/pending/discord_game_utils-1.zip: 7%
2024-05-04T18:21:05.078Z [Modules] Streaming discord_game_utils@1 to /home/vs/.config/discord/0.0.52/modules/pending/discord_game_utils-1.zip: 9%
2024-05-04T18:21:05.079Z [Modules] Streaming discord_game_utils@1 to /home/vs/.config/discord/0.0.52/modules/pending/discord_game_utils-1.zip: 10%
2024-05-04T18:21:05.080Z [Modules] Streaming discord_game_utils@1 to /home/vs/.config/discord/0.0.52/modules/pending/discord_game_utils-1.zip: 14%
2024-05-04T18:21:05.082Z [Modules] Streaming discord_game_utils@1 to /home/vs/.config/discord/0.0.52/modules/pending/discord_game_utils-1.zip: 17%
2024-05-04T18:21:05.082Z [Modules] Streaming discord_game_utils@1 to /home/vs/.config/discord/0.0.52/modules/pending/discord_game_utils-1.zip: 18%
2024-05-04T18:21:05.093Z [Modules] Streaming discord_game_utils@1 to /home/vs/.config/discord/0.0.52/modules/pending/discord_game_utils-1.zip: 21%
2024-05-04T18:21:05.094Z [Modules] Streaming discord_game_utils@1 to /home/vs/.config/discord/0.0.52/modules/pending/discord_game_utils-1.zip: 22%
2024-05-04T18:21:05.106Z [Modules] Streaming discord_game_utils@1 to /home/vs/.config/discord/0.0.52/modules/pending/discord_game_utils-1.zip: 26%
2024-05-04T18:21:05.112Z [Modules] Streaming discord_game_utils@1 to /home/vs/.config/discord/0.0.52/modules/pending/discord_game_utils-1.zip: 28%
2024-05-04T18:21:05.113Z [Modules] Streaming discord_game_utils@1 to /home/vs/.config/discord/0.0.52/modules/pending/discord_game_utils-1.zip: 30%
2024-05-04T18:21:05.114Z [Modules] Streaming discord_game_utils@1 to /home/vs/.config/discord/0.0.52/modules/pending/discord_game_utils-1.zip: 34%
2024-05-04T18:21:05.116Z [Modules] Streaming discord_game_utils@1 to /home/vs/.config/discord/0.0.52/modules/pending/discord_game_utils-1.zip: 36%
2024-05-04T18:21:05.117Z [Modules] Streaming discord_game_utils@1 to /home/vs/.config/discord/0.0.52/modules/pending/discord_game_utils-1.zip: 37%
2024-05-04T18:21:05.118Z [Modules] Streaming discord_game_utils@1 to /home/vs/.config/discord/0.0.52/modules/pending/discord_game_utils-1.zip: 40%
2024-05-04T18:21:05.119Z [Modules] Streaming discord_game_utils@1 to /home/vs/.config/discord/0.0.52/modules/pending/discord_game_utils-1.zip: 41%
2024-05-04T18:21:05.121Z [Modules] Streaming discord_game_utils@1 to /home/vs/.config/discord/0.0.52/modules/pending/discord_game_utils-1.zip: 44%
2024-05-04T18:21:05.123Z [Modules] Streaming discord_game_utils@1 to /home/vs/.config/discord/0.0.52/modules/pending/discord_game_utils-1.zip: 45%
2024-05-04T18:21:05.124Z [Modules] Streaming discord_game_utils@1 to /home/vs/.config/discord/0.0.52/modules/pending/discord_game_utils-1.zip: 48%
2024-05-04T18:21:05.127Z [Modules] Streaming discord_game_utils@1 to /home/vs/.config/discord/0.0.52/modules/pending/discord_game_utils-1.zip: 51%
2024-05-04T18:21:05.128Z [Modules] Streaming discord_game_utils@1 to /home/vs/.config/discord/0.0.52/modules/pending/discord_game_utils-1.zip: 52%
2024-05-04T18:21:05.130Z [Modules] Streaming discord_game_utils@1 to /home/vs/.config/discord/0.0.52/modules/pending/discord_game_utils-1.zip: 55%
2024-05-04T18:21:05.131Z [Modules] Streaming discord_game_utils@1 to /home/vs/.config/discord/0.0.52/modules/pending/discord_game_utils-1.zip: 57%
2024-05-04T18:21:05.132Z [Modules] Streaming discord_game_utils@1 to /home/vs/.config/discord/0.0.52/modules/pending/discord_game_utils-1.zip: 59%
2024-05-04T18:21:05.134Z [Modules] Streaming discord_game_utils@1 to /home/vs/.config/discord/0.0.52/modules/pending/discord_game_utils-1.zip: 61%
2024-05-04T18:21:05.136Z [Modules] Streaming discord_game_utils@1 to /home/vs/.config/discord/0.0.52/modules/pending/discord_game_utils-1.zip: 65%
2024-05-04T18:21:05.138Z [Modules] Streaming discord_game_utils@1 to /home/vs/.config/discord/0.0.52/modules/pending/discord_game_utils-1.zip: 69%
2024-05-04T18:21:05.140Z [Modules] Streaming discord_game_utils@1 to /home/vs/.config/discord/0.0.52/modules/pending/discord_game_utils-1.zip: 70%
2024-05-04T18:21:05.142Z [Modules] Streaming discord_game_utils@1 to /home/vs/.config/discord/0.0.52/modules/pending/discord_game_utils-1.zip: 72%
2024-05-04T18:21:05.147Z [Modules] Streaming discord_game_utils@1 to /home/vs/.config/discord/0.0.52/modules/pending/discord_game_utils-1.zip: 74%
2024-05-04T18:21:05.160Z [Modules] Streaming discord_game_utils@1 to /home/vs/.config/discord/0.0.52/modules/pending/discord_game_utils-1.zip: 77%
2024-05-04T18:21:05.208Z [Modules] Streaming discord_game_utils@1 to /home/vs/.config/discord/0.0.52/modules/pending/discord_game_utils-1.zip: 80%
2024-05-04T18:21:05.210Z [Modules] Streaming discord_game_utils@1 to /home/vs/.config/discord/0.0.52/modules/pending/discord_game_utils-1.zip: 82%
2024-05-04T18:21:05.212Z [Modules] Streaming discord_game_utils@1 to /home/vs/.config/discord/0.0.52/modules/pending/discord_game_utils-1.zip: 83%
2024-05-04T18:21:05.265Z [Modules] Streaming discord_game_utils@1 to /home/vs/.config/discord/0.0.52/modules/pending/discord_game_utils-1.zip: 94%
2024-05-04T18:21:05.284Z [Modules] Streaming discord_game_utils@1 to /home/vs/.config/discord/0.0.52/modules/pending/discord_game_utils-1.zip: 97%
2024-05-04T18:21:05.285Z [Modules] Streaming discord_game_utils@1 to /home/vs/.config/discord/0.0.52/modules/pending/discord_game_utils-1.zip: 100%
2024-05-04T18:21:05.287Z [Modules] Fetching discord_rpc@1 from https://discord.com/api/modules/stable/discord_rpc/1
2024-05-04T18:21:05.288Z [Modules] Streaming discord_rpc@1 to /home/vs/.config/discord/0.0.52/modules/pending/discord_rpc-1.zip
2024-05-04T18:21:05.833Z [Modules] Streaming discord_rpc@1 to /home/vs/.config/discord/0.0.52/modules/pending/discord_rpc-1.zip: 100%
2024-05-04T18:21:05.835Z [Modules] Finished module downloads. [success: 3] [failure: 0]
2024-05-04T18:21:05.873Z [Modules] Installing discord_game_utils@1 from /home/vs/.config/discord/0.0.52/modules/pending/discord_game_utils-1.zip
2024-05-04T18:21:06.061Z [Modules] Installing discord_rpc@1 from /home/vs/.config/discord/0.0.52/modules/pending/discord_rpc-1.zip
2024-05-04T18:21:06.131Z [Modules] Finished module installations. [success: 3] [failure: 0]
2024-05-04T19:21:04.245Z [Modules] Checking for host updates.
2024-05-04T19:21:04.655Z [Modules] Host is up to date.
2024-05-04T19:21:04.656Z [Modules] Checking for module updates at https://discord.com/api/modules/stable/versions.json
2024-05-04T19:21:04.738Z [Modules] No module updates available.
2024-05-04T20:21:04.224Z [Modules] Checking for host updates.
2024-05-04T20:21:04.680Z [Modules] Host is up to date.
2024-05-04T20:21:04.680Z [Modules] Checking for module updates at https://discord.com/api/modules/stable/versions.json
2024-05-04T20:21:04.737Z [Modules] No module updates available.
2024-05-04T21:21:04.267Z [Modules] Checking for host updates.
2024-05-04T21:21:04.668Z [Modules] Host is up to date.
2024-05-04T21:21:04.668Z [Modules] Checking for module updates at https://discord.com/api/modules/stable/versions.json
2024-05-04T21:21:04.715Z [Modules] No module updates available.
2024-05-04T22:21:04.271Z [Modules] Checking for host updates.
2024-05-04T22:21:04.736Z [Modules] Host is up to date.
2024-05-04T22:21:04.736Z [Modules] Checking for module updates at https://discord.com/api/modules/stable/versions.json
2024-05-04T22:21:05.174Z [Modules] No module updates available.
2024-05-05T06:43:56.423Z [Modules] Checking for host updates.
2024-05-05T06:43:56.851Z [Modules] Host is up to date.
2024-05-05T06:43:56.852Z [Modules] Checking for module updates at https://discord.com/api/modules/stable/versions.json
2024-05-05T06:43:56.907Z [Modules] No module updates available.
2024-05-05T16:03:56.724Z [Modules] Modules initializing
2024-05-05T16:03:56.725Z [Modules] Distribution: remote
2024-05-05T16:03:56.725Z [Modules] Host updates: enabled
2024-05-05T16:03:56.726Z [Modules] Module updates: enabled
2024-05-05T16:03:56.726Z [Modules] Module install path: /home/vs/.config/discord/0.0.52/modules
2024-05-05T16:03:56.726Z [Modules] Module installed file path: /home/vs/.config/discord/0.0.52/modules/installed.json
2024-05-05T16:03:56.726Z [Modules] Module download path: /home/vs/.config/discord/0.0.52/modules/pending
2024-05-05T16:03:57.096Z [Modules] No updates to install
2024-05-05T16:03:57.097Z [Modules] Checking for host updates.
2024-05-05T16:04:02.696Z [Modules] Host is up to date.
2024-05-05T16:04:02.696Z [Modules] Checking for module updates at https://discord.com/api/modules/stable/versions.json
2024-05-05T16:04:02.769Z [Modules] No module updates available.
2024-05-05T16:04:10.910Z [Modules] Checking for host updates.
2024-05-05T16:04:11.323Z [Modules] Host is up to date.
2024-05-05T16:04:11.323Z [Modules] Checking for module updates at https://discord.com/api/modules/stable/versions.json
2024-05-05T16:04:11.332Z [Modules] No module updates available.
2024-05-05T17:04:10.932Z [Modules] Checking for host updates.
2024-05-05T17:04:11.430Z [Modules] Host is up to date.
2024-05-05T17:04:11.430Z [Modules] Checking for module updates at https://discord.com/api/modules/stable/versions.json
2024-05-05T17:04:11.489Z [Modules] No module updates available.
2024-05-05T18:04:10.916Z [Modules] Checking for host updates.
2024-05-05T18:04:11.449Z [Modules] Host is up to date.
2024-05-05T18:04:11.450Z [Modules] Checking for module updates at https://discord.com/api/modules/stable/versions.json
2024-05-05T18:04:11.513Z [Modules] No module updates available.
2024-05-05T21:16:48.859Z [Modules] Checking for host updates.
2024-05-05T21:16:49.314Z [Modules] Host is up to date.
2024-05-05T21:16:49.315Z [Modules] Checking for module updates at https://discord.com/api/modules/stable/versions.json
2024-05-05T21:16:49.365Z [Modules] No module updates available.
2024-05-06T06:03:01.710Z [Modules] Checking for host updates.
2024-05-06T06:03:02.306Z [Modules] Host is up to date.
2024-05-06T06:03:02.307Z [Modules] Checking for module updates at https://discord.com/api/modules/stable/versions.json
2024-05-06T06:03:02.362Z [Modules] No module updates available.
2024-05-06T07:03:15.711Z [Modules] Checking for host updates.
2024-05-06T07:03:16.150Z [Modules] Host is up to date.
2024-05-06T07:03:16.150Z [Modules] Checking for module updates at https://discord.com/api/modules/stable/versions.json
2024-05-06T07:03:16.208Z [Modules] No module updates available.
2024-05-06T09:16:15.669Z [Modules] Checking for host updates.
2024-05-06T09:16:16.167Z [Modules] Host is up to date.
2024-05-06T09:16:16.167Z [Modules] Checking for module updates at https://discord.com/api/modules/stable/versions.json
2024-05-06T09:16:16.232Z [Modules] No module updates available.
2024-05-06T10:16:16.286Z [Modules] Checking for host updates.
2024-05-06T10:16:16.685Z [Modules] Host is up to date.
2024-05-06T10:16:16.685Z [Modules] Checking for module updates at https://discord.com/api/modules/stable/versions.json
2024-05-06T10:16:16.736Z [Modules] No module updates available.
2024-05-06T12:43:57.470Z [Modules] Checking for host updates.
2024-05-06T12:43:58.132Z [Modules] Host is up to date.
2024-05-06T12:43:58.132Z [Modules] Checking for module updates at https://discord.com/api/modules/stable/versions.json
2024-05-06T12:43:58.187Z [Modules] No module updates available.
2024-05-06T13:43:57.469Z [Modules] Checking for host updates.
2024-05-06T13:43:58.074Z [Modules] Host is up to date.
2024-05-06T13:43:58.074Z [Modules] Checking for module updates at https://discord.com/api/modules/stable/versions.json
2024-05-06T13:43:58.135Z [Modules] No module updates available.
2024-05-06T17:20:48.213Z [Modules] Checking for host updates.
2024-05-06T17:20:48.656Z [Modules] Host is up to date.
2024-05-06T17:20:48.656Z [Modules] Checking for module updates at https://discord.com/api/modules/stable/versions.json
2024-05-06T17:20:48.747Z [Modules] No module updates available.
2024-05-06T18:20:48.218Z [Modules] Checking for host updates.
2024-05-06T18:20:48.732Z [Modules] Host is up to date.
2024-05-06T18:20:48.732Z [Modules] Checking for module updates at https://discord.com/api/modules/stable/versions.json
2024-05-06T18:20:48.793Z [Modules] No module updates available.
